{
    "taskName"          : "Задание 11",
    "taskDefinition"    : "Решите задачу\n\nОпределите по графику количество месяцев, когда среднемесячная температура была ниже 0 градусов.",
    "mainText"          : "На графике представлены среднемесячные показатели температуры в посёлке Зелёный Луг за 2016г. По горизонтали указаны месяцы; по вертикали — температура в градусах Цельсия.",
    "noValidAnswerTotheRecord"  : false,
    "pictureForNoValidAnswer"   : "",
    "primaryScore"              : 1,
    "onlyOneCorrectAnswer"      : true,
    "divideTheAnswerForEachCharacter": false,
    "mandatorySequence" : false,
    "expectedAnswer"    : "Напр: 521",
    "answers": [
        "5"
    ],
    "addPictureInTop"           : false,
    "chooseAnswerFromPicker"    : false,
    "arrayExpectedAnswerForPicker": [],
    "actionDirection"             : "Введите цифрами",
    "arrURLImageForTask": ["https://gitlab.com/thisismymail03/api.ege.Math.pictures/raw/master/Variant4/IMGEGE.Math.Variant4.Task11_Img1.png"]
}