{
    "taskName"          : "Задание 5",
    "taskDefinition"    : "Выполните вычисление и преобразование",
    "mainText"          : "Наийдите cosα,если sinα=0,8 и 90°<α<180°.",
    "noValidAnswerTotheRecord"  : false,
    "pictureForNoValidAnswer"   : "",
    "primaryScore"              : 1,
    "onlyOneCorrectAnswer"      : true,
    "divideTheAnswerForEachCharacter": false,
    "mandatorySequence" : false,
    "expectedAnswer"    : "Напр: -90.1",
    "answers": [
        "-0.6"
    ],
    "addPictureInTop"           : false,
    "chooseAnswerFromPicker"    : false,
    "arrayExpectedAnswerForPicker": [],
    "actionDirection"             : "Введите цифрами",
    "arrURLImageForTask": []
}