{
    "variantName": "Варинат 6",
    "variantDescription": "Математика (БАЗА). ЕГЭ 2017",
    "executionTimeInSeconds": 12600,
    "maxPrimaryBall" : 32,
    "countTask": 20,
    "variantImages": [
        {
            "variantSmallImg": "",
            "variantMiddleImg": "",
            "variantBigImg": ""
        },
        {
            "variantSmallImg": "",
            "variantMiddleImg": "",
            "variantBigImg": ""
        }
    ],
    "tasks": [
        "https://gitlab.com/thisismymail03/api.ege.Math_app/raw/master/JSONVariants/Variant6/task1/ege.Math_Variant6_task1.json",
        "https://gitlab.com/thisismymail03/api.ege.Math_app/raw/master/JSONVariants/Variant6/task2/ege.Math_Variant6_task2.json",
        "https://gitlab.com/thisismymail03/api.ege.Math_app/raw/master/JSONVariants/Variant6/task3/ege.Math_Variant6_task3.json",
        "https://gitlab.com/thisismymail03/api.ege.Math_app/raw/master/JSONVariants/Variant6/task4/ege.Math_Variant6_task4.json",
        "https://gitlab.com/thisismymail03/api.ege.Math_app/raw/master/JSONVariants/Variant6/task5/ege.Math_Variant6_task5.json",
        "https://gitlab.com/thisismymail03/api.ege.Math_app/raw/master/JSONVariants/Variant6/task6/ege.Math_Variant6_task6.json",
        "https://gitlab.com/thisismymail03/api.ege.Math_app/raw/master/JSONVariants/Variant6/task7/ege.Math_Variant6_task7.json",
        "https://gitlab.com/thisismymail03/api.ege.Math_app/raw/master/JSONVariants/Variant6/task8/ege.Math_Variant6_task8.json",
        "https://gitlab.com/thisismymail03/api.ege.Math_app/raw/master/JSONVariants/Variant6/task9/ege.Math_Variant6_task9.json",
        "https://gitlab.com/thisismymail03/api.ege.Math_app/raw/master/JSONVariants/Variant6/task10/ege.Math_Variant6_task10.json",
        "https://gitlab.com/thisismymail03/api.ege.Math_app/raw/master/JSONVariants/Variant6/task11/ege.Math_Variant6_task11.json",
        "https://gitlab.com/thisismymail03/api.ege.Math_app/raw/master/JSONVariants/Variant6/task12/ege.Math_Variant6_task12.json",
        "https://gitlab.com/thisismymail03/api.ege.Math_app/raw/master/JSONVariants/Variant6/task13/ege.Math_Variant6_task13.json",
        "https://gitlab.com/thisismymail03/api.ege.Math_app/raw/master/JSONVariants/Variant6/task14/ege.Math_Variant6_task14.json",
        "https://gitlab.com/thisismymail03/api.ege.Math_app/raw/master/JSONVariants/Variant6/task15/ege.Math_Variant6_task15.json",
        "https://gitlab.com/thisismymail03/api.ege.Math_app/raw/master/JSONVariants/Variant6/task16/ege.Math_Variant6_task16.json",
        "https://gitlab.com/thisismymail03/api.ege.Math_app/raw/master/JSONVariants/Variant6/task17/ege.Math_Variant6_task17.json",
        "https://gitlab.com/thisismymail03/api.ege.Math_app/raw/master/JSONVariants/Variant6/task18/ege.Math_Variant6_task18.json",
        "https://gitlab.com/thisismymail03/api.ege.Math_app/raw/master/JSONVariants/Variant6/task19/ege.Math_Variant6_task19.json",
        "https://gitlab.com/thisismymail03/api.ege.Math_app/raw/master/JSONVariants/Variant6/task20/ege.Math_Variant6_task20.json"
    ]
}