{
    "taskName"          : "Задание 18",
    "taskDefinition"    : "В ответ запишите номера выбранных утверждений без пробелов, запятых и других дополнительных символов.",
    "mainText"          : "В фирме N работают 60 человек, из них 50 человек знают английский язык, а 15 человек — французский. Выберите утверждения, которые следуют из приведённых данных.\n\nВ фирме N\n\n1) если человек знает французский язык, то он знает и английский\n\n2) хотя бы три человека знают оба языка\n\n3) не больше 15 человек знают два иностранных языка\n\n4) нет ни одного человека, знающего и английский, и французский языки.\n\n",
    "noValidAnswerTotheRecord"  : false,
    "pictureForNoValidAnswer"   : "",
    "primaryScore"              : 4,
    "onlyOneCorrectAnswer"      : true,
    "divideTheAnswerForEachCharacter": false,
    "mandatorySequence" : false,
    "expectedAnswer"    : "Напр: 241",
    "answers": [
        "23"
    ],
    "addPictureInTop"           : false,
    "chooseAnswerFromPicker"    : false,
    "arrayExpectedAnswerForPicker": [],
    "actionDirection"             : "Введите цифрами",
    "arrURLImageForTask": []
}