{
    "taskName"          : "Задание 18",
    "taskDefinition"    : "",
    "mainText"          : "В классе в конце первого полугодия школьникам предложили в качестве тренировки сдать экзамен по одному из следующих предметов: физика, химия, биология, обществознание, литература. Физику выбрало больше людей, чем литературу, а обществознание — больше, чем химию. Биология оказалась выбрана меньшим количеством людей, чем литература. Обществознание выбрали сдавать меньше людей, чем физику. \n\nВыберите утверждение, которое следует из приведённых данных.\n\n1. Физика оказалась наиболее популярным экзаменом.\n\n2. Химию сдавало меньше всего людей.\n\n3. Сдавать литературу выбрало меньше людей, чем обществознание.\n\n4. Биология оказалась наименее популярна.\n\n",
    "noValidAnswerTotheRecord"  : false,
    "pictureForNoValidAnswer"   : "",
    "primaryScore"              : 4,
    "onlyOneCorrectAnswer"      : true,
    "divideTheAnswerForEachCharacter": false,
    "mandatorySequence" : false,
    "expectedAnswer"    : "Напр: 241",
    "answers": [
        "1"
    ],
    "addPictureInTop"           : false,
    "chooseAnswerFromPicker"    : false,
    "arrayExpectedAnswerForPicker": [],
    "actionDirection"             : "Введите цифрами",
    "arrURLImageForTask": []
}