{
    "taskName"          : "Задание 10",
    "taskDefinition"    : "Решите задачу",
    "mainText"          : "У Петра очень много тетрадей: часть из них в линию, а остальные — в клеточку. При этом из 15 тетрадей в среднем 9 в клеточку. Найдите веро­ятность того, что наугад взятая тетрадь — в линию.",
    "noValidAnswerTotheRecord"  : false,
    "pictureForNoValidAnswer"   : "",
    "primaryScore"              : 1,
    "onlyOneCorrectAnswer"      : true,
    "divideTheAnswerForEachCharacter": false,
    "mandatorySequence" : false,
    "expectedAnswer"    : "Напр: 901.04",
    "answers": [
        "0.4"
    ],
    "addPictureInTop"           : false,
    "chooseAnswerFromPicker"    : false,
    "arrayExpectedAnswerForPicker": [],
    "actionDirection"             : "Введите цифрами ",
    "arrURLImageForTask": []
}