{
    "taskName"          : "Задание 11",
    "taskDefinition"    : "Решите задачу\n\nОпределите по диаграмме число месяца с наибольшим количеством посетителей.",
    "mainText"          : "На диаграмме показано количество посетителей некоторого сайта во все дни с 1 по 20 июня. По горизонтали указываются дни месяца, по вертикали — количество посетителей сайта за данный день.",
    "noValidAnswerTotheRecord"  : false,
    "pictureForNoValidAnswer"   : "",
    "primaryScore"              : 1,
    "onlyOneCorrectAnswer"      : true,
    "divideTheAnswerForEachCharacter": false,
    "mandatorySequence" : false,
    "expectedAnswer"    : "Напр: 521",
    "answers": [
        "16"
    ],
    "addPictureInTop"           : false,
    "chooseAnswerFromPicker"    : false,
    "arrayExpectedAnswerForPicker": [],
    "actionDirection"             : "Введите цифрами",
    "arrURLImageForTask": ["https://gitlab.com/thisismymail03/api.ege.Math.pictures/raw/master/Variant6/IMGEGE.Math.Variant6.Task11_Img1.png"]
}