{
    "variants": [
        {
            "variantName": "Вариант 1",
            "variantDescription": "",
            "linkOnFullVariant": "https://gitlab.com/thisismymail03/api.ege.Math_app/raw/master/JSONVariants/Variant1/ege.Math_Variant1.json",
            "variantImages": [
                {
                    "variantSmallImg": "",
                    "variantMiddleImg": "",
                    "variantBigImg": ""
                },
                {
                    "variantSmallImg": "",
                    "variantMiddleImg": "",
                    "variantBigImg": ""
                }
            ]
        },
        {
            "variantName": "Вариант 2",
            "variantDescription": "",
            "linkOnFullVariant": "https://gitlab.com/thisismymail03/api.ege.Math_app/raw/master/JSONVariants/Variant2/ege.Math_Variant2.json",
            "variantImages": [
                {
                    "variantSmallImg": "",
                    "variantMiddleImg": "",
                    "variantBigImg": ""
                },
                {
                    "variantSmallImg": "",
                    "variantMiddleImg": "",
                    "variantBigImg": ""
                }
            ]
        },
        {
            "variantName": "Вариант 3",
            "variantDescription": "",
            "linkOnFullVariant": "https://gitlab.com/thisismymail03/api.ege.Math_app/raw/master/JSONVariants/Variant3/ege.Math_Variant3.json",
            "variantImages": [
                {
                    "variantSmallImg": "",
                    "variantMiddleImg": "",
                    "variantBigImg": ""
                },
                {
                    "variantSmallImg": "",
                    "variantMiddleImg": "",
                    "variantBigImg": ""
                }
            ]
        },
        {
            "variantName": "Вариант 4",
            "variantDescription": "",
            "linkOnFullVariant": "https://gitlab.com/thisismymail03/api.ege.Math_app/raw/master/JSONVariants/Variant4/ege.Math_Variant4.json",
            "variantImages": [
                {
                    "variantSmallImg": "",
                    "variantMiddleImg": "",
                    "variantBigImg": ""
                },
                {
                    "variantSmallImg": "",
                    "variantMiddleImg": "",
                    "variantBigImg": ""
                }
            ]
        },
        {
            "variantName": "Вариант 5",
            "variantDescription": "",
            "linkOnFullVariant": "https://gitlab.com/thisismymail03/api.ege.Math_app/raw/master/JSONVariants/Variant5/ege.Math_Variant5.json",
            "variantImages": [
                {
                    "variantSmallImg": "",
                    "variantMiddleImg": "",
                    "variantBigImg": ""
                },
                {
                    "variantSmallImg": "",
                    "variantMiddleImg": "",
                    "variantBigImg": ""
                }
            ]
        },
        {
            "variantName": "Вариант 6",
            "variantDescription": "",
            "linkOnFullVariant": "https://gitlab.com/thisismymail03/api.ege.Math_app/raw/master/JSONVariants/Variant6/ege.Math_Variant6.json",
            "variantImages": [
                {
                    "variantSmallImg": "",
                    "variantMiddleImg": "",
                    "variantBigImg": ""
                },
                {
                    "variantSmallImg": "",
                    "variantMiddleImg": "",
                    "variantBigImg": ""
                }
            ]
        },
        {
            "variantName": "Вариант 7",
            "variantDescription": "",
            "linkOnFullVariant": "https://gitlab.com/thisismymail03/api.ege.Math_app/raw/master/JSONVariants/Variant7/ege.Math_Variant7.json",
            "variantImages": [
                {
                    "variantSmallImg": "",
                    "variantMiddleImg": "",
                    "variantBigImg": ""
                },
                {
                    "variantSmallImg": "",
                    "variantMiddleImg": "",
                    "variantBigImg": ""
                }
            ]
        },
                {
            "variantName": "Вариант 8",
            "variantDescription": "",
            "linkOnFullVariant": "https://gitlab.com/thisismymail03/api.ege.Math_app/raw/master/JSONVariants/Variant8/ege.Math_Variant8.json",
            "variantImages": [
                {
                    "variantSmallImg": "",
                    "variantMiddleImg": "",
                    "variantBigImg": ""
                },
                {
                    "variantSmallImg": "",
                    "variantMiddleImg": "",
                    "variantBigImg": ""
                }
            ]
        },
                        {
            "variantName": "Вариант 9",
            "variantDescription": "",
            "linkOnFullVariant": "https://gitlab.com/thisismymail03/api.ege.Math_app/raw/master/JSONVariants/Variant9/ege.Math_Variant9.json",
            "variantImages": [
                {
                    "variantSmallImg": "",
                    "variantMiddleImg": "",
                    "variantBigImg": ""
                },
                {
                    "variantSmallImg": "",
                    "variantMiddleImg": "",
                    "variantBigImg": ""
                }
            ]
        },
         {
            "variantName": "Вариант 10",
            "variantDescription": "",
            "linkOnFullVariant": "https://gitlab.com/thisismymail03/api.ege.Math_app/raw/master/JSONVariants/Variant10/ege.Math_Variant10.json",
            "variantImages": [
                {
                    "variantSmallImg": "",
                    "variantMiddleImg": "",
                    "variantBigImg": ""
                },
                {
                    "variantSmallImg": "",
                    "variantMiddleImg": "",
                    "variantBigImg": ""
                }
            ]
        },
        {
            "variantName": "Вариант 11",
            "variantDescription": "",
            "linkOnFullVariant": "https://gitlab.com/thisismymail03/api.ege.Math_app/raw/master/JSONVariants/Variant11/ege.Math_Variant11.json",
            "variantImages": [
                {
                    "variantSmallImg": "",
                    "variantMiddleImg": "",
                    "variantBigImg": ""
                },
                {
                    "variantSmallImg": "",
                    "variantMiddleImg": "",
                    "variantBigImg": ""
                }
            ]
        },
        {
            "variantName": "Вариант 12",
            "variantDescription": "",
            "linkOnFullVariant": "https://gitlab.com/thisismymail03/api.ege.Math_app/raw/master/JSONVariants/Variant12/ege.Math_Variant12.json",
            "variantImages": [
                {
                    "variantSmallImg": "",
                    "variantMiddleImg": "",
                    "variantBigImg": ""
                },
                {
                    "variantSmallImg": "",
                    "variantMiddleImg": "",
                    "variantBigImg": ""
                }
            ]
        },
         {
            "variantName": "Вариант 13",
            "variantDescription": "",
            "linkOnFullVariant": "https://gitlab.com/thisismymail03/api.ege.Math_app/raw/master/JSONVariants/Variant13/ege.Math_Variant13.json",
            "variantImages": [
                {
                    "variantSmallImg": "",
                    "variantMiddleImg": "",
                    "variantBigImg": ""
                },
                {
                    "variantSmallImg": "",
                    "variantMiddleImg": "",
                    "variantBigImg": ""
                }
            ]
        },
         {
            "variantName": "Вариант 14",
            "variantDescription": "",
            "linkOnFullVariant": "https://gitlab.com/thisismymail03/api.ege.Math_app/raw/master/JSONVariants/Variant14/ege.Math_Variant14.json",
            "variantImages": [
                {
                    "variantSmallImg": "",
                    "variantMiddleImg": "",
                    "variantBigImg": ""
                },
                {
                    "variantSmallImg": "",
                    "variantMiddleImg": "",
                    "variantBigImg": ""
                }
            ]
        },
         {
            "variantName": "Вариант 15",
            "variantDescription": "",
            "linkOnFullVariant": "https://gitlab.com/thisismymail03/api.ege.Math_app/raw/master/JSONVariants/Variant15/ege.Math_Variant15.json",
            "variantImages": [
                {
                    "variantSmallImg": "",
                    "variantMiddleImg": "",
                    "variantBigImg": ""
                },
                {
                    "variantSmallImg": "",
                    "variantMiddleImg": "",
                    "variantBigImg": ""
                }
            ]
        }
    ]
}