{
    "taskName"          : "Задание 18",
    "taskDefinition"    : "Дети надували шарики к празднику. Красных шариков было надуто меньше, чем жёлтых, и меньше, чем синих. Оранжевых шариков больше, чем зелёных, а зелёных больше, чем синих. Выберите утверждения, кото­рые следуют из приведённых данных.",
    "mainText"          : "1. Жёлтых шариков меньше, чем оранжевых.\n\n2. Синих шариков больше, чем зелёных.\n\n3. Красных шариков меньше, чем оранжевых.\n\n4. Зелёных шариков больше, чем красных.\n\nВ ответе укажите номера выбранных утверждений без пробелов, запя­тых и других дополнительных символов.",
    "noValidAnswerTotheRecord"  : false,
    "pictureForNoValidAnswer"   : "",
    "primaryScore"              : 4,
    "onlyOneCorrectAnswer"      : true,
    "divideTheAnswerForEachCharacter": false,
    "mandatorySequence" : false,
    "expectedAnswer"    : "Напр: 241",
    "answers": [
        "34"
    ],
    "addPictureInTop"           : false,
    "chooseAnswerFromPicker"    : false,
    "arrayExpectedAnswerForPicker": [],
    "actionDirection"             : "Введите цифрами",
    "arrURLImageForTask": []
}