{
    "taskName"          : "Задание 18",
    "taskDefinition"    : "В ответе запишите номера выбранных утверждений без пробелов, запятых и других дополнительных символов.",
    "mainText"          : "В классе учится 20 человек, из них 13 человек посещают кружок по истории, а 10 — кружок по математике. Выберите утверждения, которые верны при указанных условиях.\n\nКаждой точке соответствует одно из чисел в правом столбце. Установите соответствие между указанными точками и числами. \n\n1)  Каждый ученик этого класса посещает оба кружка. \n\n2)  Найдутся хотя бы двое из этого класса, кто посещает оба кружка. \n\n3)  Если ученик из этого класса ходит на кружок по истории, то он обязательно ходит на кружок по математике.\n\n4) Не найдётся 11 человек из этого класса, которые посещают оба кружка. \n\n",
    "noValidAnswerTotheRecord"  : false,
    "pictureForNoValidAnswer"   : "",
    "primaryScore"              : 4,
    "onlyOneCorrectAnswer"      : false,
    "divideTheAnswerForEachCharacter": false,
    "mandatorySequence" : false,
    "expectedAnswer"    : "Напр: 241",
    "answers": [
        "24",
        "42"
    ],
    "addPictureInTop"           : false,
    "chooseAnswerFromPicker"    : false,
    "arrayExpectedAnswerForPicker": [],
    "actionDirection"             : "Введите цифрами",
    "arrURLImageForTask": []
}