{
    "taskName"          : "Задание 19",
    "taskDefinition"    : "Выполните вычисление и преобразование",
    "mainText"          : "Найдите пятизначное натуральное число, кратное 5, сумма цифр которого равна их произведению. В ответе укажите какое-нибудь одно такое число.",
    "noValidAnswerTotheRecord"  : false,
    "pictureForNoValidAnswer"   : "",
    "primaryScore"              : 4,
    "onlyOneCorrectAnswer"      : true,
    "divideTheAnswerForEachCharacter": false,
    "mandatorySequence" : false,
    "expectedAnswer"    : "Напр: 1",
    "answers": [
        "11125"
    ],
    "addPictureInTop"           : false,
    "chooseAnswerFromPicker"    : false,
    "arrayExpectedAnswerForPicker": [],
    "actionDirection"             : "Введите цифрами",
    "arrURLImageForTask": []
}