{
    "taskName"          : "Задание 1",
    "taskDefinition"    : "Выполните вычисление и преобразование",
    "mainText"          : "",
    "noValidAnswerTotheRecord"  : false,
    "pictureForNoValidAnswer"   : "",
    "primaryScore"              : 1,
    "onlyOneCorrectAnswer"      : true,
    "divideTheAnswerForEachCharacter": false,
    "mandatorySequence" : false,
    "expectedAnswer"    : "Напр: 49.1",
    "answers": [
        "6.8"
    ],
    "addPictureInTop"           : false,
    "chooseAnswerFromPicker"    : false,
    "arrayExpectedAnswerForPicker": [],
    "actionDirection"             : "Введите цифрами без пробелов",
    "arrURLImageForTask": ["https://gitlab.com/thisismymail03/api.ege.Math.pictures/raw/master/Variant15/IMGEGE.Math.Variant15.Task1_Img1.png"]
}