{
    "taskName"          : "Задание 11",
    "taskDefinition"    : "Решите задачу",
    "mainText"          : "На диаграмме приведены данные об изменении цен на некоторые про­дукты по кварталам года. В каком квартале цены на молоко и картофель поднялись впервые?",
    "noValidAnswerTotheRecord"  : false,
    "pictureForNoValidAnswer"   : "",
    "primaryScore"              : 1,
    "onlyOneCorrectAnswer"      : true,
    "divideTheAnswerForEachCharacter": false,
    "mandatorySequence" : false,
    "expectedAnswer"    : "Напр: 521",
    "answers": [
        "2"
    ],
    "addPictureInTop"           : false,
    "chooseAnswerFromPicker"    : false,
    "arrayExpectedAnswerForPicker": [],
    "actionDirection"             : "Введите цифрами",
    "arrURLImageForTask": ["https://gitlab.com/thisismymail03/api.ege.Math.pictures/raw/master/Variant9/IMGEGE.Math.Variant9.Task11_Img1.jpg"]
}