{
    "taskName"          : "Задание 18",
    "taskDefinition"    : "Во дворе однотонных котов больше, чем двухцветных кошек, трёх­цветных кошек больше, чем двухцветных котов, однотонных кошек мень­ше, чем трёхцветных котов, а двухцветных кошек больше, чем трёхцвет­ных кошек. Выберите утверждения, которые следуют из приведённых данных.",
    "mainText"          : "1. Большая часть животных во дворе трёхцветна.\n\n2. Трёхцветных кошек меньше, чем однотонных котов.\n\n3. Однотонных котов больше, чем двухцветных.\n\n4. Двухцветных кошек больше, чем двухцветных котов.\n\n",
    "noValidAnswerTotheRecord"  : false,
    "pictureForNoValidAnswer"   : "",
    "primaryScore"              : 4,
    "onlyOneCorrectAnswer"      : true,
    "divideTheAnswerForEachCharacter": false,
    "mandatorySequence" : false,
    "expectedAnswer"    : "Напр: 241",
    "answers": [
        "234"
    ],
    "addPictureInTop"           : false,
    "chooseAnswerFromPicker"    : false,
    "arrayExpectedAnswerForPicker": [],
    "actionDirection"             : "Введите цифрами",
    "arrURLImageForTask": []
}