{
    "taskName"          : "Задание 11",
    "taskDefinition"    : "Решите задачу",
    "mainText"          : "На графике жирными точками показана среднемесяч­ная температура воздуха по месяцам (май, июнь, июль, август, сентябрь) 2007, 2008, 2009 годов в Троицке. На оси абсцисс отмечаются годы и ме­сяцы, на оси ординат — значение температуры в градусах Цельсия. Для наглядности жирные точки соединены линиями. Определите год, в августе которого среднемесячная температура воздуха была наименьшей.",
    "noValidAnswerTotheRecord"  : false,
    "pictureForNoValidAnswer"   : "",
    "primaryScore"              : 1,
    "onlyOneCorrectAnswer"      : true,
    "divideTheAnswerForEachCharacter": false,
    "mandatorySequence" : false,
    "expectedAnswer"    : "Напр: 521",
    "answers": [
        "2008"
    ],
    "addPictureInTop"           : false,
    "chooseAnswerFromPicker"    : false,
    "arrayExpectedAnswerForPicker": [],
    "actionDirection"             : "Введите цифрами",
    "arrURLImageForTask": ["https://gitlab.com/thisismymail03/api.ege.Math.pictures/raw/master/Variant8/IMGEGE.Math.Variant8.Task11_Img1.jpg"]
}