{
    "taskName"          : "Задание 8",
    "taskDefinition"    : "Постройте математическую модель",
    "mainText"          : "В квартире две прямоугольные комнаты. Размеры первой комнаты 7 м х 4 м, а размеры второй комнаты — 6 м х 5 м. Какая из этих комнат больше по площади? В ответ запишите площадь этой комнаты в метрах квадратных.",
    "noValidAnswerTotheRecord"  : false,
    "pictureForNoValidAnswer"   : "",
    "primaryScore"              : 1,
    "onlyOneCorrectAnswer"      : true,
    "divideTheAnswerForEachCharacter": false,
    "mandatorySequence" : false,
    "expectedAnswer"    : "Напр: 11000",
    "answers": [
        "30"
    ],
    "addPictureInTop"           : false,
    "chooseAnswerFromPicker"    : false,
    "arrayExpectedAnswerForPicker": [],
    "actionDirection"             : "Введите цифрами без пробелов и иных знаков",
    "arrURLImageForTask": []
}