{
    "taskName"          : "Задание 11",
    "taskDefinition"    : "Решите задачу",
    "mainText"          : "На графике показана среднесуточная температура воздуха в г. Калининграде с 1 по 22 июня 2011 года. На оси абсцисс отмечены дни месяца. На оси ординат — температура воздуха. Определите по графику среднесуточную температуру воздуха 9 июня.",
    "noValidAnswerTotheRecord"  : false,
    "pictureForNoValidAnswer"   : "",
    "primaryScore"              : 1,
    "onlyOneCorrectAnswer"      : true,
    "divideTheAnswerForEachCharacter": false,
    "mandatorySequence" : false,
    "expectedAnswer"    : "Напр: 521",
    "answers": [
        "14"
    ],
    "addPictureInTop"           : false,
    "chooseAnswerFromPicker"    : false,
    "arrayExpectedAnswerForPicker": [],
    "actionDirection"             : "Введите цифрами",
    "arrURLImageForTask": ["https://gitlab.com/thisismymail03/api.ege.Math.pictures/raw/master/Variant10/IMGEGE.Math.Variant10.Task11_Img1.jpg"]
}