{
    "taskName"          : "Задание 9",
    "taskDefinition"    : "Установите соответствие между величиной (обозначено буквами) и её возможным значением (обозначено цифрами).",
    "mainText"          : "Результаты запишите в одну строку в соответствие с алфавитом",
    "noValidAnswerTotheRecord"  : false,
    "pictureForNoValidAnswer"   : "",
    "primaryScore"              : 1,
    "onlyOneCorrectAnswer"      : true,
    "divideTheAnswerForEachCharacter": false,
    "mandatorySequence" : false,
    "expectedAnswer"    : "Напр: 10",
    "answers": [
        "2413"
    ],
    "addPictureInTop"           : false,
    "chooseAnswerFromPicker"    : false,
    "arrayExpectedAnswerForPicker": [],
    "actionDirection"             : "Введите цифрами",
    "arrURLImageForTask": ["https://gitlab.com/thisismymail03/api.ege.Math.pictures/raw/master/Variant5/IMGEGE.Math.Variant5.Task9_Img1.png"]
}