{
    "taskName"          : "Задание 12",
    "taskDefinition"    : "Решите задачу\n\nВ ответе укажите какой-нибудь один набор номеров экскурсий без пробелов, запятых и других дополнительных символов. ",
    "mainText"          : "Турист подбирает экскурсии. Сведения об экскурсиях представлены в таблице. Пользуясь таблицей, подберите набор экскурсий так, чтобы турист посетил четыре объекта: крепость, загородный дворец, парк и музей живописи, а суммарная стоимость экскурсий не превышала 650 рублей. ",
    "noValidAnswerTotheRecord"  : false,
    "pictureForNoValidAnswer"   : "",
    "primaryScore"              : 1,
    "onlyOneCorrectAnswer"      : false,
    "divideTheAnswerForEachCharacter": false,
    "mandatorySequence" : false,
    "expectedAnswer"    : "Напр: 11",
    "answers": [
        "14",
        "41"
    ],
    "addPictureInTop"           : false,
    "chooseAnswerFromPicker"    : false,
    "arrayExpectedAnswerForPicker": [],
    "actionDirection"             : "Введите цифрами",
    "arrURLImageForTask": ["https://gitlab.com/thisismymail03/api.ege.Math.pictures/raw/master/Variant13/IMGEGE.Math.Variant13.Task12_Img1.png"]
}