{
    "variantName": "Варинат 4",
    "variantDescription": "Математика (БАЗА). ЕГЭ 2017",
    "executionTimeInSeconds": 12600,
    "maxPrimaryBall" : 32,
    "countTask": 20,
    "variantImages": [
        {
            "variantSmallImg": "",
            "variantMiddleImg": "",
            "variantBigImg": ""
        },
        {
            "variantSmallImg": "",
            "variantMiddleImg": "",
            "variantBigImg": ""
        }
    ],
    "tasks": [
        "https://gitlab.com/thisismymail03/api.ege.Math_app/raw/master/JSONVariants/Variant4/task1/ege.Math_Variant4_task1.json",
        "https://gitlab.com/thisismymail03/api.ege.Math_app/raw/master/JSONVariants/Variant4/task2/ege.Math_Variant4_task2.json",
        "https://gitlab.com/thisismymail03/api.ege.Math_app/raw/master/JSONVariants/Variant4/task3/ege.Math_Variant4_task3.json",
        "https://gitlab.com/thisismymail03/api.ege.Math_app/raw/master/JSONVariants/Variant4/task4/ege.Math_Variant4_task4.json",
        "https://gitlab.com/thisismymail03/api.ege.Math_app/raw/master/JSONVariants/Variant4/task5/ege.Math_Variant4_task5.json",
        "https://gitlab.com/thisismymail03/api.ege.Math_app/raw/master/JSONVariants/Variant4/task6/ege.Math_Variant4_task6.json",
        "https://gitlab.com/thisismymail03/api.ege.Math_app/raw/master/JSONVariants/Variant4/task7/ege.Math_Variant4_task7.json",
        "https://gitlab.com/thisismymail03/api.ege.Math_app/raw/master/JSONVariants/Variant4/task8/ege.Math_Variant4_task8.json",
        "https://gitlab.com/thisismymail03/api.ege.Math_app/raw/master/JSONVariants/Variant4/task9/ege.Math_Variant4_task9.json",
        "https://gitlab.com/thisismymail03/api.ege.Math_app/raw/master/JSONVariants/Variant4/task10/ege.Math_Variant4_task10.json",
        "https://gitlab.com/thisismymail03/api.ege.Math_app/raw/master/JSONVariants/Variant4/task11/ege.Math_Variant4_task11.json",
        "https://gitlab.com/thisismymail03/api.ege.Math_app/raw/master/JSONVariants/Variant4/task12/ege.Math_Variant4_task12.json",
        "https://gitlab.com/thisismymail03/api.ege.Math_app/raw/master/JSONVariants/Variant4/task13/ege.Math_Variant4_task13.json",
        "https://gitlab.com/thisismymail03/api.ege.Math_app/raw/master/JSONVariants/Variant4/task14/ege.Math_Variant4_task14.json",
        "https://gitlab.com/thisismymail03/api.ege.Math_app/raw/master/JSONVariants/Variant4/task15/ege.Math_Variant4_task15.json",
        "https://gitlab.com/thisismymail03/api.ege.Math_app/raw/master/JSONVariants/Variant4/task16/ege.Math_Variant4_task16.json",
        "https://gitlab.com/thisismymail03/api.ege.Math_app/raw/master/JSONVariants/Variant4/task17/ege.Math_Variant4_task17.json",
        "https://gitlab.com/thisismymail03/api.ege.Math_app/raw/master/JSONVariants/Variant4/task18/ege.Math_Variant4_task18.json",
        "https://gitlab.com/thisismymail03/api.ege.Math_app/raw/master/JSONVariants/Variant4/task19/ege.Math_Variant4_task19.json",
        "https://gitlab.com/thisismymail03/api.ege.Math_app/raw/master/JSONVariants/Variant4/task20/ege.Math_Variant4_task20.json"
    ]
}