{
    "taskName"          : "Задание 20",
    "taskDefinition"    : "Решите задачу",
    "mainText"          : "Два туриста автостопом (то есть, перемещаясь на попутном транспор­те) добирались одинаковым маршрутом из одного населённого пункта в другой. Первый из них половину всего затраченного им на путешествие времени проехал со скоростью 30 км/ч, а вторую — со скоростью 60 км/ч. Второй же первую половину всего пути проехал со скоростью 30 км/ч, а вторую — со скоростью 60 км/ч. Найдите отношение времени, затрачен­ного на путешествие, второго из них ко времени, затраченного первым.",
    "noValidAnswerTotheRecord"  : false,
    "pictureForNoValidAnswer"   : "",
    "primaryScore"              : 4,
    "onlyOneCorrectAnswer"      : true,
    "divideTheAnswerForEachCharacter": false,
    "mandatorySequence" : false,
    "expectedAnswer"    : "Напр: 1",
    "answers": [
        "1.125"
    ],
    "addPictureInTop"           : false,
    "chooseAnswerFromPicker"    : false,
    "arrayExpectedAnswerForPicker": [],
    "actionDirection"             : "Введите цифрами ",
    "arrURLImageForTask": []
}