{
    "evaluatorModels": [
         {
            "phrase": "Великолепно ! Ты все сдашь, можешь расслабиться",
            "imagesForiPhoneDevice": {
                "smallImg"  : "https://gitlab.com/thisismymail03/api.ege.Math.pictures/raw/master/StatisticsEvaluator/Excellent/ege.Math.StatisticsEvaluator.Excellent.1.jpg",
                "middleImg" : "https://gitlab.com/thisismymail03/api.ege.Math.pictures/raw/master/StatisticsEvaluator/Excellent/ege.Math.StatisticsEvaluator.Excellent.1.jpg",
                "bigImg"    : "https://gitlab.com/thisismymail03/api.ege.Math.pictures/raw/master/StatisticsEvaluator/Excellent/ege.Math.StatisticsEvaluator.Excellent.1.jpg"
            },
            "imagesForiPadDevice": {
                "smallImg"  : "https://gitlab.com/thisismymail03/api.ege.Math.pictures/raw/master/StatisticsEvaluator/Excellent/ege.Math.StatisticsEvaluator.Excellent.1.jpg",
                "middleImg" : "https://gitlab.com/thisismymail03/api.ege.Math.pictures/raw/master/StatisticsEvaluator/Excellent/ege.Math.StatisticsEvaluator.Excellent.1.jpg",
                "bigImg"    : "https://gitlab.com/thisismymail03/api.ege.Math.pictures/raw/master/StatisticsEvaluator/Excellent/ege.Math.StatisticsEvaluator.Excellent.1.jpg"
            }
   },
    {
            "phrase": "Отличная статистика!",
            "imagesForiPhoneDevice": {
                "smallImg"  : "https://gitlab.com/thisismymail03/api.ege.Math.pictures/raw/master/StatisticsEvaluator/Excellent/ege.Math.StatisticsEvaluator.Excellent.2.jpg",
                "middleImg" : "https://gitlab.com/thisismymail03/api.ege.Math.pictures/raw/master/StatisticsEvaluator/Excellent/ege.Math.StatisticsEvaluator.Excellent.2.jpg",
                "bigImg"    : "https://gitlab.com/thisismymail03/api.ege.Math.pictures/raw/master/StatisticsEvaluator/Excellent/ege.Math.StatisticsEvaluator.Excellent.2.jpg"
            },
            "imagesForiPadDevice": {
                "smallImg"  : "https://gitlab.com/thisismymail03/api.ege.Math.pictures/raw/master/StatisticsEvaluator/Excellent/ege.Math.StatisticsEvaluator.Excellent.2.jpg",
                "middleImg" : "https://gitlab.com/thisismymail03/api.ege.Math.pictures/raw/master/StatisticsEvaluator/Excellent/ege.Math.StatisticsEvaluator.Excellent.2.jpg",
                "bigImg"    : "https://gitlab.com/thisismymail03/api.ege.Math.pictures/raw/master/StatisticsEvaluator/Excellent/ege.Math.StatisticsEvaluator.Excellent.2.jpg"
            }
   },
    {
            "phrase": "Безупречно!",
            "imagesForiPhoneDevice": {
                "smallImg"  : "https://gitlab.com/thisismymail03/api.ege.Math.pictures/raw/master/StatisticsEvaluator/Excellent/ege.Math.StatisticsEvaluator.Excellent.3.jpg",
                "middleImg" : "https://gitlab.com/thisismymail03/api.ege.Math.pictures/raw/master/StatisticsEvaluator/Excellent/ege.Math.StatisticsEvaluator.Excellent.3.jpg",
                "bigImg"    : "https://gitlab.com/thisismymail03/api.ege.Math.pictures/raw/master/StatisticsEvaluator/Excellent/ege.Math.StatisticsEvaluator.Excellent.3.jpg"
            },
            "imagesForiPadDevice": {
                "smallImg"  : "https://gitlab.com/thisismymail03/api.ege.Math.pictures/raw/master/StatisticsEvaluator/Excellent/ege.Math.StatisticsEvaluator.Excellent.3.jpg",
                "middleImg" : "https://gitlab.com/thisismymail03/api.ege.Math.pictures/raw/master/StatisticsEvaluator/Excellent/ege.Math.StatisticsEvaluator.Excellent.3.jpg",
                "bigImg"    : "https://gitlab.com/thisismymail03/api.ege.Math.pictures/raw/master/StatisticsEvaluator/Excellent/ege.Math.StatisticsEvaluator.Excellent.3.jpg"
            }
   },
    {
            "phrase": "Расслабься, ты все сдашь детка ;)",
            "imagesForiPhoneDevice": {
                "smallImg"  : "https://gitlab.com/thisismymail03/api.ege.Math.pictures/raw/master/StatisticsEvaluator/Excellent/ege.Math.StatisticsEvaluator.Excellent.4.jpg",
                "middleImg" : "https://gitlab.com/thisismymail03/api.ege.Math.pictures/raw/master/StatisticsEvaluator/Excellent/ege.Math.StatisticsEvaluator.Excellent.4.jpg",
                "bigImg"    : "https://gitlab.com/thisismymail03/api.ege.Math.pictures/raw/master/StatisticsEvaluator/Excellent/ege.Math.StatisticsEvaluator.Excellent.4.jpg"
            },
            "imagesForiPadDevice": {
                "smallImg"  : "https://gitlab.com/thisismymail03/api.ege.Math.pictures/raw/master/StatisticsEvaluator/Excellent/ege.Math.StatisticsEvaluator.Excellent.4.jpg",
                "middleImg" : "https://gitlab.com/thisismymail03/api.ege.Math.pictures/raw/master/StatisticsEvaluator/Excellent/ege.Math.StatisticsEvaluator.Excellent.4.jpg",
                "bigImg"    : "https://gitlab.com/thisismymail03/api.ege.Math.pictures/raw/master/StatisticsEvaluator/Excellent/ege.Math.StatisticsEvaluator.Excellent.4.jpg"
            }
   },
    {
            "phrase": "Отличный статистика!",
            "imagesForiPhoneDevice": {
                "smallImg"  : "https://gitlab.com/thisismymail03/api.ege.Math.pictures/raw/master/StatisticsEvaluator/Excellent/ege.Math.StatisticsEvaluator.Excellent.5.jpg",
                "middleImg" : "https://gitlab.com/thisismymail03/api.ege.Math.pictures/raw/master/StatisticsEvaluator/Excellent/ege.Math.StatisticsEvaluator.Excellent.5.jpg",
                "bigImg"    : "https://gitlab.com/thisismymail03/api.ege.Math.pictures/raw/master/StatisticsEvaluator/Excellent/ege.Math.StatisticsEvaluator.Excellent.5.jpg"
            },
            "imagesForiPadDevice": {
                "smallImg"  : "https://gitlab.com/thisismymail03/api.ege.Math.pictures/raw/master/StatisticsEvaluator/Excellent/ege.Math.StatisticsEvaluator.Excellent.5.jpg",
                "middleImg" : "https://gitlab.com/thisismymail03/api.ege.Math.pictures/raw/master/StatisticsEvaluator/Excellent/ege.Math.StatisticsEvaluator.Excellent.5.jpg",
                "bigImg"    : "https://gitlab.com/thisismymail03/api.ege.Math.pictures/raw/master/StatisticsEvaluator/Excellent/ege.Math.StatisticsEvaluator.Excellent.5.jpg"
            }
   },
    {
            "phrase": "Бокал за тебя ! :)",
            "imagesForiPhoneDevice": {
                "smallImg"  : "https://gitlab.com/thisismymail03/api.ege.Math.pictures/raw/master/StatisticsEvaluator/Excellent/ege.Math.StatisticsEvaluator.Excellent.6.jpg",
                "middleImg" : "https://gitlab.com/thisismymail03/api.ege.Math.pictures/raw/master/StatisticsEvaluator/Excellent/ege.Math.StatisticsEvaluator.Excellent.6.jpg",
                "bigImg"    : "https://gitlab.com/thisismymail03/api.ege.Math.pictures/raw/master/StatisticsEvaluator/Excellent/ege.Math.StatisticsEvaluator.Excellent.6.jpg"
            },
            "imagesForiPadDevice": {
                "smallImg"  : "https://gitlab.com/thisismymail03/api.ege.Math.pictures/raw/master/StatisticsEvaluator/Excellent/ege.Math.StatisticsEvaluator.Excellent.6.jpg",
                "middleImg" : "https://gitlab.com/thisismymail03/api.ege.Math.pictures/raw/master/StatisticsEvaluator/Excellent/ege.Math.StatisticsEvaluator.Excellent.6.jpg",
                "bigImg"    : "https://gitlab.com/thisismymail03/api.ege.Math.pictures/raw/master/StatisticsEvaluator/Excellent/ege.Math.StatisticsEvaluator.Excellent.6.jpg"
            }
   },
    {
            "phrase": "Фантастическая статистика!",
            "imagesForiPhoneDevice": {
                "smallImg"  : "https://gitlab.com/thisismymail03/api.ege.Math.pictures/raw/master/StatisticsEvaluator/Excellent/ege.Math.StatisticsEvaluator.Excellent.7.jpg",
                "middleImg" : "https://gitlab.com/thisismymail03/api.ege.Math.pictures/raw/master/StatisticsEvaluator/Excellent/ege.Math.StatisticsEvaluator.Excellent.7.jpg",
                "bigImg"    : "https://gitlab.com/thisismymail03/api.ege.Math.pictures/raw/master/StatisticsEvaluator/Excellent/ege.Math.StatisticsEvaluator.Excellent.7.jpg"
            },
            "imagesForiPadDevice": {
                "smallImg"  : "https://gitlab.com/thisismymail03/api.ege.Math.pictures/raw/master/StatisticsEvaluator/Excellent/ege.Math.StatisticsEvaluator.Excellent.7.jpg",
                "middleImg" : "https://gitlab.com/thisismymail03/api.ege.Math.pictures/raw/master/StatisticsEvaluator/Excellent/ege.Math.StatisticsEvaluator.Excellent.7.jpg",
                "bigImg"    : "https://gitlab.com/thisismymail03/api.ege.Math.pictures/raw/master/StatisticsEvaluator/Excellent/ege.Math.StatisticsEvaluator.Excellent.7.jpg"
            }
   },
    {
            "phrase": "Безупречно!",
            "imagesForiPhoneDevice": {
                "smallImg"  : "https://gitlab.com/thisismymail03/api.ege.Math.pictures/raw/master/StatisticsEvaluator/Excellent/ege.Math.StatisticsEvaluator.Excellent.8.jpg",
                "middleImg" : "https://gitlab.com/thisismymail03/api.ege.Math.pictures/raw/master/StatisticsEvaluator/Excellent/ege.Math.StatisticsEvaluator.Excellent.8.jpg",
                "bigImg"    : "https://gitlab.com/thisismymail03/api.ege.Math.pictures/raw/master/StatisticsEvaluator/Excellent/ege.Math.StatisticsEvaluator.Excellent.8.jpg"
            },
            "imagesForiPadDevice": {
                "smallImg"  : "https://gitlab.com/thisismymail03/api.ege.Math.pictures/raw/master/StatisticsEvaluator/Excellent/ege.Math.StatisticsEvaluator.Excellent.8.jpg",
                "middleImg" : "https://gitlab.com/thisismymail03/api.ege.Math.pictures/raw/master/StatisticsEvaluator/Excellent/ege.Math.StatisticsEvaluator.Excellent.8.jpg",
                "bigImg"    : "https://gitlab.com/thisismymail03/api.ege.Math.pictures/raw/master/StatisticsEvaluator/Excellent/ege.Math.StatisticsEvaluator.Excellent.8.jpg"
            }
   },
    {
            "phrase": "Я рад за тебя, можешь расслабиться",
            "imagesForiPhoneDevice": {
                "smallImg"  : "https://gitlab.com/thisismymail03/api.ege.Math.pictures/raw/master/StatisticsEvaluator/Excellent/ege.Math.StatisticsEvaluator.Excellent.9.jpg",
                "middleImg" : "https://gitlab.com/thisismymail03/api.ege.Math.pictures/raw/master/StatisticsEvaluator/Excellent/ege.Math.StatisticsEvaluator.Excellent.9.jpg",
                "bigImg"    : "https://gitlab.com/thisismymail03/api.ege.Math.pictures/raw/master/StatisticsEvaluator/Excellent/ege.Math.StatisticsEvaluator.Excellent.9.jpg"
            },
            "imagesForiPadDevice": {
                "smallImg"  : "https://gitlab.com/thisismymail03/api.ege.Math.pictures/raw/master/StatisticsEvaluator/Excellent/ege.Math.StatisticsEvaluator.Excellent.9.jpg",
                "middleImg" : "https://gitlab.com/thisismymail03/api.ege.Math.pictures/raw/master/StatisticsEvaluator/Excellent/ege.Math.StatisticsEvaluator.Excellent.9.jpg",
                "bigImg"    : "https://gitlab.com/thisismymail03/api.ege.Math.pictures/raw/master/StatisticsEvaluator/Excellent/ege.Math.StatisticsEvaluator.Excellent.9.jpg"
            }
   },
    {
            "phrase": "Гарантированно все сдашь!",
            "imagesForiPhoneDevice": {
                "smallImg"  : "https://gitlab.com/thisismymail03/api.ege.Math.pictures/raw/master/StatisticsEvaluator/Excellent/ege.Math.StatisticsEvaluator.Excellent.10.jpg",
                "middleImg" : "https://gitlab.com/thisismymail03/api.ege.Math.pictures/raw/master/StatisticsEvaluator/Excellent/ege.Math.StatisticsEvaluator.Excellent.10.jpg",
                "bigImg"    : "https://gitlab.com/thisismymail03/api.ege.Math.pictures/raw/master/StatisticsEvaluator/Excellent/ege.Math.StatisticsEvaluator.Excellent.10.jpg"
            },
            "imagesForiPadDevice": {
                "smallImg"  : "https://gitlab.com/thisismymail03/api.ege.Math.pictures/raw/master/StatisticsEvaluator/Excellent/ege.Math.StatisticsEvaluator.Excellent.10.jpg",
                "middleImg" : "https://gitlab.com/thisismymail03/api.ege.Math.pictures/raw/master/StatisticsEvaluator/Excellent/ege.Math.StatisticsEvaluator.Excellent.10.jpg",
                "bigImg"    : "https://gitlab.com/thisismymail03/api.ege.Math.pictures/raw/master/StatisticsEvaluator/Excellent/ege.Math.StatisticsEvaluator.Excellent.10.jpg"
            }
   },
    {
            "phrase": "Ты просто эксперт в ЕГЭ!",
            "imagesForiPhoneDevice": {
                "smallImg"  : "https://gitlab.com/thisismymail03/api.ege.Math.pictures/raw/master/StatisticsEvaluator/Excellent/ege.Math.StatisticsEvaluator.Excellent.11.jpg",
                "middleImg" : "https://gitlab.com/thisismymail03/api.ege.Math.pictures/raw/master/StatisticsEvaluator/Excellent/ege.Math.StatisticsEvaluator.Excellent.11.jpg",
                "bigImg"    : "https://gitlab.com/thisismymail03/api.ege.Math.pictures/raw/master/StatisticsEvaluator/Excellent/ege.Math.StatisticsEvaluator.Excellent.11.jpg"
            },
            "imagesForiPadDevice": {
                "smallImg"  : "https://gitlab.com/thisismymail03/api.ege.Math.pictures/raw/master/StatisticsEvaluator/Excellent/ege.Math.StatisticsEvaluator.Excellent.11.jpg",
                "middleImg" : "https://gitlab.com/thisismymail03/api.ege.Math.pictures/raw/master/StatisticsEvaluator/Excellent/ege.Math.StatisticsEvaluator.Excellent.11.jpg",
                "bigImg"    : "https://gitlab.com/thisismymail03/api.ege.Math.pictures/raw/master/StatisticsEvaluator/Excellent/ege.Math.StatisticsEvaluator.Excellent.11.jpg"
            }
   },
    {
            "phrase": "Уруру, 100 баллов гарантированно!",
            "imagesForiPhoneDevice": {
                "smallImg"  : "https://gitlab.com/thisismymail03/api.ege.Math.pictures/raw/master/StatisticsEvaluator/Excellent/ege.Math.StatisticsEvaluator.Excellent.12.jpg",
                "middleImg" : "https://gitlab.com/thisismymail03/api.ege.Math.pictures/raw/master/StatisticsEvaluator/Excellent/ege.Math.StatisticsEvaluator.Excellent.12.jpg",
                "bigImg"    : "https://gitlab.com/thisismymail03/api.ege.Math.pictures/raw/master/StatisticsEvaluator/Excellent/ege.Math.StatisticsEvaluator.Excellent.12.jpg"
            },
            "imagesForiPadDevice": {
                "smallImg"  : "https://gitlab.com/thisismymail03/api.ege.Math.pictures/raw/master/StatisticsEvaluator/Excellent/ege.Math.StatisticsEvaluator.Excellent.12.jpg",
                "middleImg" : "https://gitlab.com/thisismymail03/api.ege.Math.pictures/raw/master/StatisticsEvaluator/Excellent/ege.Math.StatisticsEvaluator.Excellent.12.jpg",
                "bigImg"    : "https://gitlab.com/thisismymail03/api.ege.Math.pictures/raw/master/StatisticsEvaluator/Excellent/ege.Math.StatisticsEvaluator.Excellent.12.jpg"
            }
   },
    {
            "phrase": "ЕГЭ уровень - кот",
            "imagesForiPhoneDevice": {
                "smallImg"  : "https://gitlab.com/thisismymail03/api.ege.Math.pictures/raw/master/StatisticsEvaluator/Excellent/ege.Math.StatisticsEvaluator.Excellent.13.jpg",
                "middleImg" : "https://gitlab.com/thisismymail03/api.ege.Math.pictures/raw/master/StatisticsEvaluator/Excellent/ege.Math.StatisticsEvaluator.Excellent.13.jpg",
                "bigImg"    : "https://gitlab.com/thisismymail03/api.ege.Math.pictures/raw/master/StatisticsEvaluator/Excellent/ege.Math.StatisticsEvaluator.Excellent.13.jpg"
            },
            "imagesForiPadDevice": {
                "smallImg"  : "https://gitlab.com/thisismymail03/api.ege.Math.pictures/raw/master/StatisticsEvaluator/Excellent/ege.Math.StatisticsEvaluator.Excellent.13.jpg",
                "middleImg" : "https://gitlab.com/thisismymail03/api.ege.Math.pictures/raw/master/StatisticsEvaluator/Excellent/ege.Math.StatisticsEvaluator.Excellent.13.jpg",
                "bigImg"    : "https://gitlab.com/thisismymail03/api.ege.Math.pictures/raw/master/StatisticsEvaluator/Excellent/ege.Math.StatisticsEvaluator.Excellent.13.jpg"
            }
   }
    ]
}