{
    "taskName"          : "Задание 12",
    "taskDefinition"    : "Решите задачу\n\nПутешественник из Москвы хочет посетить четыре города Золотого кольца России: Владимир, Ярославль, Суздаль и Ростов Великий. Турагентство предлагает маршруты с посещением некоторых городов Золотого кольца. Сведения о стоимости билетов и маршрутах представлены в таблице.",
    "mainText"          : "Какие маршруты должен выбрать путешественник, чтобы побывать во всех четырех городах и затратить менее 5000 рублей? В ответе укажите какой-нибудь один набор номеров маршрутов без пробелов, запятых и других дополнительных символов.",
    "noValidAnswerTotheRecord"  : false,
    "pictureForNoValidAnswer"   : "",
    "primaryScore"              : 1,
    "onlyOneCorrectAnswer"      : false,
    "divideTheAnswerForEachCharacter": false,
    "mandatorySequence" : false,
    "expectedAnswer"    : "Напр: 11",
    "answers": [
        "24",
        "42"
    ],
    "addPictureInTop"           : false,
    "chooseAnswerFromPicker"    : false,
    "arrayExpectedAnswerForPicker": [],
    "actionDirection"             : "Введите цифрами",
    "arrURLImageForTask": ["https://gitlab.com/thisismymail03/api.ege.Math.pictures/raw/master/Variant11/IMGEGE.Math.Variant11.Task12_Img1.png"]
}