{
    "taskName"          : "Задание 15",
    "taskDefinition"    : "Решите геометрическую задачу",
    "mainText"          : "На стороне BC прямоугольника  ABCD, у которого AB=8 и AD=14, отмечена точка E  так, что треугольник ABE равнобедренный. Найдите ED",
    "noValidAnswerTotheRecord"  : false,
    "pictureForNoValidAnswer"   : "",
    "primaryScore"              : 2,
    "onlyOneCorrectAnswer"      : true,
    "divideTheAnswerForEachCharacter": false,
    "mandatorySequence" : false,
    "expectedAnswer"    : "Напр: 76",
    "answers": [
        "10"
    ],
    "addPictureInTop"           : false,
    "chooseAnswerFromPicker"    : false,
    "arrayExpectedAnswerForPicker": [],
    "actionDirection"             : "Введите цифрами",
    "arrURLImageForTask": ["https://gitlab.com/thisismymail03/api.ege.Math.pictures/raw/master/Variant14/IMGEGE.Math.Variant14.Task15_Img1.png"]
}