{
    "taskName"          : "Задание 3",
    "taskDefinition"    : "Решите задачу.",
    "mainText"          : "Стоимость проезда в автобусе 15 рублей, студент Миша каждый день ездит в институт и домой без пересадок на автобусе. Стоимость проезда за 1 день составляет 3% всей его стипендии. Какова его стипендия в рублях?",
    "noValidAnswerTotheRecord"  : false,
    "pictureForNoValidAnswer"   : "",
    "primaryScore"              : 1,
    "onlyOneCorrectAnswer"      : true,
    "divideTheAnswerForEachCharacter": false,
    "mandatorySequence" : false,
    "expectedAnswer"    : "Напр: 1.5",
    "answers": [
        "1000"
    ],
    "addPictureInTop"           : false,
    "chooseAnswerFromPicker"    : false,
    "arrayExpectedAnswerForPicker": [],
    "actionDirection"             : "Введите цифрами",
    "arrURLImageForTask": []
}