{
    "taskName"          : "Задание 16",
    "taskDefinition"    : "Решите геометрическую задачу",
    "mainText"          : "Найдите площадь полной поверхности правильной четырехугольной пирамиды, стороны основания которой равны 48 и высота равна 7.",
    "noValidAnswerTotheRecord"  : false,
    "pictureForNoValidAnswer"   : "",
    "primaryScore"              : 3,
    "onlyOneCorrectAnswer"      : true,
    "divideTheAnswerForEachCharacter": false,
    "mandatorySequence" : false,
    "expectedAnswer"    : "Напр: 841",
    "answers": [
        "4704"
    ],
    "addPictureInTop"           : false,
    "chooseAnswerFromPicker"    : false,
    "arrayExpectedAnswerForPicker": [],
    "actionDirection"             : "Введите цифрами ",
    "arrURLImageForTask": []
}