{
    "taskName"          : "Задание 9",
    "taskDefinition"    : "Установите соответствие между величинами и их возможными значе­ниями: к каждому элементу первого столбца подберите соответствующий элемент из второго столбца.",
    "mainText"          : "Результаты запишите в одну строку в соответствие с алфавитом",
    "noValidAnswerTotheRecord"  : false,
    "pictureForNoValidAnswer"   : "",
    "primaryScore"              : 1,
    "onlyOneCorrectAnswer"      : true,
    "divideTheAnswerForEachCharacter": false,
    "mandatorySequence" : false,
    "expectedAnswer"    : "Напр: 10",
    "answers": [
        "4132"
    ],
    "addPictureInTop"           : false,
    "chooseAnswerFromPicker"    : false,
    "arrayExpectedAnswerForPicker": [],
    "actionDirection"             : "Введите цифрами",
    "arrURLImageForTask": ["https://gitlab.com/thisismymail03/api.ege.Math.pictures/raw/master/Variant7/IMGEGE.Math.Variant7.Task9_Img1.png"]
}