{
    "taskName"          : "Задание 7",
    "taskDefinition"    : "Решите уравнение",
    "mainText"          : "",
    "noValidAnswerTotheRecord"  : false,
    "pictureForNoValidAnswer"   : "",
    "primaryScore"              : 1,
    "onlyOneCorrectAnswer"      : true,
    "divideTheAnswerForEachCharacter": false,
    "mandatorySequence" : false,
    "expectedAnswer"    : "Напр: 1389",
    "answers": [
        "1.5"
    ],
    "addPictureInTop"           : false,
    "chooseAnswerFromPicker"    : false,
    "arrayExpectedAnswerForPicker": [],
    "actionDirection"             : "Введите цифрами",
    "arrURLImageForTask": ["https://gitlab.com/thisismymail03/api.ege.Math.pictures/raw/master/Variant5/IMGEGE.Math.Variant5.Task7_Img1.png"]
}

