{
    "taskName"          : "Задание 18",
    "taskDefinition"    : "В седьмом классе из 30 человек только 25 организованно питаются в столовой, остальные покупают еду в буфете. Всего 10 школьникам из класса родители дают карманные деньги. Выберите утверждения, которые следуют из данных условий.",
    "mainText"          : "1.В буфете питаются не менее трех семиклассников.\n\n2.В 7 классе не менее пяти человек, которые питаются и в столовой, и в буфете.\n\n3.Некоторые семиклассники, которые питаются в буфете, могут есть ещё и в столовой.\n\n4.Семиклассники, которым родители дали карманные деньги, обязательно тратят их в буфете.\n\n",
    "noValidAnswerTotheRecord"  : false,
    "pictureForNoValidAnswer"   : "",
    "primaryScore"              : 4,
    "onlyOneCorrectAnswer"      : true,
    "divideTheAnswerForEachCharacter": false,
    "mandatorySequence" : false,
    "expectedAnswer"    : "Напр: 241",
    "answers": [
        "13"
    ],
    "addPictureInTop"           : false,
    "chooseAnswerFromPicker"    : false,
    "arrayExpectedAnswerForPicker": [],
    "actionDirection"             : "Введите цифрами",
    "arrURLImageForTask": []
}