{
    "taskName"          : "Задание 13",
    "taskDefinition"    : "",
    "mainText"          : "Сосуд имеет форму куба. Сначала вода заполняла сосуд наполовину, а после того, как в него перелили воду объёмом 108дм3  из другого сосуда, весь сосуд стал заполнен. Найдите длину ребра данного сосуда. \n\nОтвет запишите в сантиметрах.",
    "noValidAnswerTotheRecord"  : false,
    "pictureForNoValidAnswer"   : "",
    "primaryScore"              : 2,
    "onlyOneCorrectAnswer"      : true,
    "divideTheAnswerForEachCharacter": false,
    "mandatorySequence" : false,
    "expectedAnswer"    : "Напр: 91",
    "answers": [
        "60"
    ],
    "addPictureInTop"           : false,
    "chooseAnswerFromPicker"    : false,
    "arrayExpectedAnswerForPicker": [],
    "actionDirection"             : "Введите цифрами",
    "arrURLImageForTask": []
}