{
    "taskName"          : "Задание 20",
    "taskDefinition"    : "Постройте математическую модель",
    "mainText"          : "Два туриста хотят как можно быстрее одновременно добраться до станции, находящейся от них на расстоянии 30 км. У них имеется только один (одноместный!) велосипед. Скорость передвижения каждого из них составляет 5 км/ч пешком и 15 км/ч на велосипеде. За какое наименьшее время (в часах) они смогут добраться до станции?",
    "noValidAnswerTotheRecord"  : false,
    "pictureForNoValidAnswer"   : "",
    "primaryScore"              : 4,
    "onlyOneCorrectAnswer"      : true,
    "divideTheAnswerForEachCharacter": false,
    "mandatorySequence" : false,
    "expectedAnswer"    : "Напр: 1",
    "answers": [
        "4"
    ],
    "addPictureInTop"           : false,
    "chooseAnswerFromPicker"    : false,
    "arrayExpectedAnswerForPicker": [],
    "actionDirection"             : "Введите цифрами ",
    "arrURLImageForTask": []
}