{
    "taskName"          : "Задание 17",
    "taskDefinition"    : "Установите соотвествие\n\nВпишите в приведённую в ответе таблицу под каждой буквой соответствующий решению номер.",
    "mainText"          : "Каждому из четырёх неравенств в левом столбце соответствует одно из решений в правом столбце. Установите соответствие между неравенствами и их решениями.",
    "noValidAnswerTotheRecord"  : false,
    "pictureForNoValidAnswer"   : "",
    "primaryScore"              : 3,
    "onlyOneCorrectAnswer"      : true,
    "divideTheAnswerForEachCharacter": false,
    "mandatorySequence" : false,
    "expectedAnswer"    : "Напр: 241",
    "answers": [
        "2314"
    ],
    "addPictureInTop"           : false,
    "chooseAnswerFromPicker"    : false,
    "arrayExpectedAnswerForPicker": [],
    "actionDirection"             : "Введите цифрами в соотвествии с алфавитом порядке",
    "arrURLImageForTask": ["https://gitlab.com/thisismymail03/api.ege.Math.pictures/raw/master/Variant14/IMGEGE.Math.Variant14.Task17_Img1.png"]
}