{
    "taskName"          : "Задание 20",
    "taskDefinition"    : "Постройте математическую модель",
    "mainText"          : "Врач прописал пациенту принимать лекарство по такой схеме: в первый день он должен принять 3 капли, а в каждый следующий день — на 3 капли больше, чем в предыдущий. Приняв 30 капель, он еще 3 дня пьет по 30 капель лекарства, а потом ежедневно уменьшает прием на 3 капли, пока не примет последние три капли лекарства. Сколько пузырьков лекарства нужно купить пациенту на весь курс приема, если в каждом содержится 250 капель?",
    "noValidAnswerTotheRecord"  : false,
    "pictureForNoValidAnswer"   : "",
    "primaryScore"              : 4,
    "onlyOneCorrectAnswer"      : true,
    "divideTheAnswerForEachCharacter": false,
    "mandatorySequence" : false,
    "expectedAnswer"    : "Напр: 1",
    "answers": [
        "2"
    ],
    "addPictureInTop"           : false,
    "chooseAnswerFromPicker"    : false,
    "arrayExpectedAnswerForPicker": [],
    "actionDirection"             : "Введите цифрами ",
    "arrURLImageForTask": []
}