{
    "taskName"          : "Задание 14",
    "taskDefinition"    : "Установите соотвествие",
    "mainText"          : "На графике показано изменение скорости движения автомобиля в зависимости от времени. На оси абсцисс отмечается время движения в часах, на оси ординат — скорость в километрах в час.",
    "noValidAnswerTotheRecord"  : false,
    "pictureForNoValidAnswer"   : "",
    "primaryScore"              : 2,
    "onlyOneCorrectAnswer"      : true,
    "divideTheAnswerForEachCharacter": false,
    "mandatorySequence" : false,
    "expectedAnswer"    : "Напр: 321",
    "answers": [
            "3421"
    ],
    "addPictureInTop"           : false,
    "chooseAnswerFromPicker"    : false,
    "arrayExpectedAnswerForPicker": [],
    "actionDirection"             : "Введите цифрами в состоянии с алфавитном порядке",
    "arrURLImageForTask": ["https://gitlab.com/thisismymail03/api.ege.Math.pictures/raw/master/Variant8/IMGEGE.Math.Variant8.Task14_Img1.png"]
}