{
    "taskName"          : "Задание 19",
    "taskDefinition"    : "Выполните вычисление и преобразование",
    "mainText"          : "Найдите трёхзначное число, состоящее только из чётных цифр и кратное 9. В ответе укажите наименьшее из таких чисел.",
    "noValidAnswerTotheRecord"  : false,
    "pictureForNoValidAnswer"   : "",
    "primaryScore"              : 4,
    "onlyOneCorrectAnswer"      : true,
    "divideTheAnswerForEachCharacter": false,
    "mandatorySequence" : false,
    "expectedAnswer"    : "Напр: 1",
    "answers": [
        "288"
    ],
    "addPictureInTop"           : false,
    "chooseAnswerFromPicker"    : false,
    "arrayExpectedAnswerForPicker": [],
    "actionDirection"             : "Введите цифрами",
    "arrURLImageForTask": []
}