{
    "taskName"          : "Задание 6",
    "taskDefinition"    : "Решите задачу.",
    "mainText"          : "Один проездной билет на месяц (30 дней) на автобус стоит 750 рублей. Сколько рублей сэкономит пассажир, если он будет пользоваться проезд­ным билетом два раза в день, а проезд в автобусе стоит 17 рублей?",
    "noValidAnswerTotheRecord"  : false,
    "pictureForNoValidAnswer"   : "",
    "primaryScore"              : 1,
    "onlyOneCorrectAnswer"      : true,
    "divideTheAnswerForEachCharacter": false,
    "mandatorySequence" : false,
    "expectedAnswer"    : "Напр: 11",
    "answers": [
        "270"
    ],
    "addPictureInTop"           : false,
    "chooseAnswerFromPicker"    : false,
    "arrayExpectedAnswerForPicker": [],
    "actionDirection"             : "Введите цифрами",
    "arrURLImageForTask": []
}