{
    "taskName"          : "Задание 18",
    "taskDefinition"    : "В 11 классе 27 человек. 25 учеников класса сдают ЕГЭ по математике базового уровня, а 13 учеников класса сдают ЕГЭ по математике профильного уровня. Ученики могут сдавать оба экзамена. Выберите утверждения, которые следуют из данных условий.",
    "mainText"          : "1.В классе два ученика не сдают математику.\n\n2. Минимум 11 учеников сдают ЕГЭ и базового, и профильного уровней.\n\n3. 14учеников из класса сдают математику только базового уровня.\n\n4. В классе 13 учеников, которым математика нужна для поступления.\n\n",
    "noValidAnswerTotheRecord"  : false,
    "pictureForNoValidAnswer"   : "",
    "primaryScore"              : 4,
    "onlyOneCorrectAnswer"      : true,
    "divideTheAnswerForEachCharacter": false,
    "mandatorySequence" : false,
    "expectedAnswer"    : "Напр: 241",
    "answers": [
        "23"
    ],
    "addPictureInTop"           : false,
    "chooseAnswerFromPicker"    : false,
    "arrayExpectedAnswerForPicker": [],
    "actionDirection"             : "Введите цифрами",
    "arrURLImageForTask": []
}