{
    "taskName"          : "Задание 15",
    "taskDefinition"    : "Решите геометрическую задачу",
    "mainText"          : "На стороне BC прямоугольника ABCD, у которого AB=36 и AD=113, отмечала точка E так, что угол EAB=45 градусов. Найдите ED.",
    "noValidAnswerTotheRecord"  : false,
    "pictureForNoValidAnswer"   : "",
    "primaryScore"              : 2,
    "onlyOneCorrectAnswer"      : true,
    "divideTheAnswerForEachCharacter": false,
    "mandatorySequence" : false,
    "expectedAnswer"    : "Напр: 76",
    "answers": [
        "85"
    ],
    "addPictureInTop"           : false,
    "chooseAnswerFromPicker"    : false,
    "arrayExpectedAnswerForPicker": [],
    "actionDirection"             : "Введите цифрами",
    "arrURLImageForTask": ["https://gitlab.com/thisismymail03/api.ege.Math.pictures/raw/master/Variant15/IMGEGE.Math.Variant15.Task15_Img1.png"]
}