{
    "taskName"          : "Задание 12",
    "taskDefinition"    : "Решите задачу",
    "mainText"          : "Квартиросъёмщику предоставлено электроснабжение по тарифу 3,23 руб. за 1 кВт-ч. Расход электроэнергии в зимние месяцы состав­лял 250 кВт-ч в месяц. Однако жилец предполагает, что в летние месяцы сумма оплаты может уменьшиться на 20% за счёт экономии при использо­вании электроприборов. Найдите предполагаемую сумму оплаты за июль (в рублях).",
    "noValidAnswerTotheRecord"  : false,
    "pictureForNoValidAnswer"   : "",
    "primaryScore"              : 1,
    "onlyOneCorrectAnswer"      : true,
    "divideTheAnswerForEachCharacter": false,
    "mandatorySequence" : false,
    "expectedAnswer"    : "Напр: 11",
    "answers": [
        "646"
    ],
    "addPictureInTop"           : false,
    "chooseAnswerFromPicker"    : false,
    "arrayExpectedAnswerForPicker": [],
    "actionDirection"             : "Введите цифрами",
    "arrURLImageForTask": []
}