{
    "taskName"          : "Задание 11",
    "taskDefinition"    : "Решите задачу\n\nОпределите по диаграмме, какое место в представленном рейтинге занимает Казань.",
    "mainText"          : "На диаграмме показаны данные о численности населения крупнейших городов России, кроме Москвы и Санкт-Петербурга. По горизонтали указаны названия городов; по вертикали — население.",
    "noValidAnswerTotheRecord"  : false,
    "pictureForNoValidAnswer"   : "",
    "primaryScore"              : 1,
    "onlyOneCorrectAnswer"      : true,
    "divideTheAnswerForEachCharacter": false,
    "mandatorySequence" : false,
    "expectedAnswer"    : "Напр: 521",
    "answers": [
        "4"
    ],
    "addPictureInTop"           : false,
    "chooseAnswerFromPicker"    : false,
    "arrayExpectedAnswerForPicker": [],
    "actionDirection"             : "Введите цифрами",
    "arrURLImageForTask": ["https://gitlab.com/thisismymail03/api.ege.Math.pictures/raw/master/Variant5/IMGEGE.Math.Variant5.Task11_Img1.png"]
}