{
    "taskName"          : "Задание 20",
    "taskDefinition"    : "Постройте математическую модель",
    "mainText"          : "В школьной секции по теннису 30 человек. Из любых 20 человек этой секции как минимум два мальчика, а из любых 15 человек как минимум три девочки.\n\nСколько мальчиков в секции?",
    "noValidAnswerTotheRecord"  : false,
    "pictureForNoValidAnswer"   : "",
    "primaryScore"              : 4,
    "onlyOneCorrectAnswer"      : true,
    "divideTheAnswerForEachCharacter": false,
    "mandatorySequence" : false,
    "expectedAnswer"    : "Напр: 1",
    "answers": [
        "12"
    ],
    "addPictureInTop"           : false,
    "chooseAnswerFromPicker"    : false,
    "arrayExpectedAnswerForPicker": [],
    "actionDirection"             : "Введите цифрами ",
    "arrURLImageForTask": []
}