{
    "taskName"          : "Задание 14",
    "taskDefinition"    : "Установите соотвествие\n\nПользуясь графиком, поставьте в соответствие каждому интервалу времени характеристику изменения кинетической энергии.",
    "mainText"          : "На графике показана зависимость кинетической энергии от времени для тела, брошенного с поверхности земли под некоторым уг­лом к горизонту.",
    "noValidAnswerTotheRecord"  : false,
    "pictureForNoValidAnswer"   : "",
    "primaryScore"              : 2,
    "onlyOneCorrectAnswer"      : true,
    "divideTheAnswerForEachCharacter": false,
    "mandatorySequence" : false,
    "expectedAnswer"    : "Напр: 321",
    "answers": [
            "2431"
    ],
    "addPictureInTop"           : false,
    "chooseAnswerFromPicker"    : false,
    "arrayExpectedAnswerForPicker": [],
    "actionDirection"             : "Введите цифрами в состоянии с алфавитном порядке",
    "arrURLImageForTask": ["Ihttps://gitlab.com/thisismymail03/api.ege.Math.pictures/raw/master/Variant7/IMGEGE.Math.Variant7.Task14_Img2.png",
                          "https://gitlab.com/thisismymail03/api.ege.Math.pictures/raw/master/Variant7/IMGEGE.Math.Variant7.Task14_Img2.png"]
}