{
    "taskName"          : "Задание 3",
    "taskDefinition"    : "Решите задачу.",
    "mainText"          : "Капуста до сезонного падения цен, которое происходит в сентябре, стоила 40рублей за килограмм. Сколько целых килограммов капусты можно купить в сентябре на 150 рублей, если цена капусты упала на 20 %?",
    "noValidAnswerTotheRecord"  : false,
    "pictureForNoValidAnswer"   : "",
    "primaryScore"              : 1,
    "onlyOneCorrectAnswer"      : true,
    "divideTheAnswerForEachCharacter": false,
    "mandatorySequence" : false,
    "expectedAnswer"    : "Напр: 1.5",
    "answers": [
        "4"
    ],
    "addPictureInTop"           : false,
    "chooseAnswerFromPicker"    : false,
    "arrayExpectedAnswerForPicker": [],
    "actionDirection"             : "Введите цифрами",
    "arrURLImageForTask": []
}