{
    "taskName"          : "Задание 12",
    "taskDefinition"    : "Найдите цену наиболее выгодного заказа. Ответ дайте в рублях.",
    "mainText"          : "В таблице представлены цены на услуги четырёх строительных фирм. Клиенту необходимо залить 30м3 бетона для фундамента. ",
    "noValidAnswerTotheRecord"  : false,
    "pictureForNoValidAnswer"   : "",
    "primaryScore"              : 1,
    "onlyOneCorrectAnswer"      : true,
    "divideTheAnswerForEachCharacter": false,
    "mandatorySequence" : false,
    "expectedAnswer"    : "Напр: 11",
    "answers": [
        "12000"
    ],
    "addPictureInTop"           : false,
    "chooseAnswerFromPicker"    : false,
    "arrayExpectedAnswerForPicker": [],
    "actionDirection"             : "Введите цифрами",
    "arrURLImageForTask": ["https://gitlab.com/thisismymail03/api.ege.Math.pictures/raw/master/Variant4/IMGEGE.Math.Variant4.Task12_Img1.png"]
}