{
    "taskName"          : "Задание 16",
    "taskDefinition"    : "Решите геометрическую задачу",
    "mainText"          : "Прямоугольный параллелепипед описан около цилиндра, радиус ос­нования которого равен 4, а высота — 1. Найдите объём параллелепипеда.",
    "noValidAnswerTotheRecord"  : false,
    "pictureForNoValidAnswer"   : "",
    "primaryScore"              : 3,
    "onlyOneCorrectAnswer"      : true,
    "divideTheAnswerForEachCharacter": false,
    "mandatorySequence" : false,
    "expectedAnswer"    : "Напр: 841",
    "answers": [
        "64"
    ],
    "addPictureInTop"           : false,
    "chooseAnswerFromPicker"    : false,
    "arrayExpectedAnswerForPicker": [],
    "actionDirection"             : "Введите цифрами ",
    "arrURLImageForTask": ["https://gitlab.com/thisismymail03/api.ege.Math.pictures/raw/master/Variant8/IMGEGE.Math.Variant8.Task16_Img1.jpg"]
}