{
    "taskName"          : "Задание 11",
    "taskDefinition"    : "Решите задачу\n\nНа каком месте по численности населения в порядке убывания находится США?",
    "mainText"          : "На диаграмме приведены данные о численности населения (в млн чел.) десяти самых густонаселённых стран мира. Первое место по количеству населения занимает КНР.",
    "noValidAnswerTotheRecord"  : false,
    "pictureForNoValidAnswer"   : "",
    "primaryScore"              : 1,
    "onlyOneCorrectAnswer"      : true,
    "divideTheAnswerForEachCharacter": false,
    "mandatorySequence" : false,
    "expectedAnswer"    : "Напр: 521",
    "answers": [
        "3"
    ],
    "addPictureInTop"           : false,
    "chooseAnswerFromPicker"    : false,
    "arrayExpectedAnswerForPicker": [],
    "actionDirection"             : "Введите цифрами",
    "arrURLImageForTask": ["https://gitlab.com/thisismymail03/api.ege.Math.pictures/raw/master/Variant3/IMGEGE.Math.Variant3.Task11_Img1.png"]
}