{
    "taskName"          : "Задание 15",
    "taskDefinition"    : "Решите геометрическую задачу",
    "mainText"          : " Основания равнобедренной трапеции равны 4 и 16, а ее боковые стороны равны 10. Найдите площадь трапеции.",
    "noValidAnswerTotheRecord"  : false,
    "pictureForNoValidAnswer"   : "",
    "primaryScore"              : 2,
    "onlyOneCorrectAnswer"      : true,
    "divideTheAnswerForEachCharacter": false,
    "mandatorySequence" : false,
    "expectedAnswer"    : "Напр: 76",
    "answers": [
        "80"
    ],
    "addPictureInTop"           : false,
    "chooseAnswerFromPicker"    : false,
    "arrayExpectedAnswerForPicker": [],
    "actionDirection"             : "Введите цифрами",
    "arrURLImageForTask": []
}