{
    "taskName"          : "Задание 13",
    "taskDefinition"    : "Решите геометрическую задачу",
    "mainText"          : "Во сколько раз увеличится объём конуса, если высоту увеличить в 3 раза, а радиус основания —  2раза?",
    "noValidAnswerTotheRecord"  : false,
    "pictureForNoValidAnswer"   : "",
    "primaryScore"              : 2,
    "onlyOneCorrectAnswer"      : true,
    "divideTheAnswerForEachCharacter": false,
    "mandatorySequence" : false,
    "expectedAnswer"    : "Напр: 91",
    "answers": [
        "12"
    ],
    "addPictureInTop"           : false,
    "chooseAnswerFromPicker"    : false,
    "arrayExpectedAnswerForPicker": [],
    "actionDirection"             : "Введите цифрами",
    "arrURLImageForTask": []
}