{
    "taskName"          : "Задание 20",
    "taskDefinition"    : "Постройте математическую модель",
    "mainText"          : "В обменном пункте можно совершить одну из двух операций:\n\n1) за 4 золотых монеты получить 5 серебряных и одну медную;\n\n2) за 7 серебряных монет получить 5 золотых и одну медную.\n\nУ Николая были только серебряные монеты. После нескольких посещений обменного пункта серебряных монет у него стало меньше, золотых не появилось, зато появилось 90 медных. На сколько уменьшилось количество серебряных монет у Николая?\n\n",
    "noValidAnswerTotheRecord"  : false,
    "pictureForNoValidAnswer"   : "",
    "primaryScore"              : 4,
    "onlyOneCorrectAnswer"      : true,
    "divideTheAnswerForEachCharacter": false,
    "mandatorySequence" : false,
    "expectedAnswer"    : "Напр: 1",
    "answers": [
        "30"
    ],
    "addPictureInTop"           : false,
    "chooseAnswerFromPicker"    : false,
    "arrayExpectedAnswerForPicker": [],
    "actionDirection"             : "Введите цифрами ",
    "arrURLImageForTask": []
}