{
    "taskName"          : "Задание 20",
    "taskDefinition"    : "Постройте математическую модель",
    "mainText"          : "Круизное судно проходит расстояние между портами Мечта и Сча­стье за 10,5 суток. Ежедневно в полдень одним и тем же маршрутом как из порта Мечта в порт Счастье, так и из порта Счастье в порт Мечта отправ­ляется по судну. Сколько судов встречает за время плавания из одного порта в другой каждое плывущее судно?",
    "noValidAnswerTotheRecord"  : false,
    "pictureForNoValidAnswer"   : "",
    "primaryScore"              : 4,
    "onlyOneCorrectAnswer"      : true,
    "divideTheAnswerForEachCharacter": false,
    "mandatorySequence" : false,
    "expectedAnswer"    : "Напр: 1",
    "answers": [
        "21"
    ],
    "addPictureInTop"           : false,
    "chooseAnswerFromPicker"    : false,
    "arrayExpectedAnswerForPicker": [],
    "actionDirection"             : "Введите цифрами ",
    "arrURLImageForTask": []
}