{
    "taskName"          : "Задание 6",
    "taskDefinition"    : "Решите задачу",
    "mainText"          : "В службе по грузоперевозкам установлен тариф 300 руб. за вызов самой машины, 30руб.  за каждый километр пути в черте города и 45 руб.  за каждый километр за его пределами. Петя перевозил стройматериалы, пользуясь услугами данной службы: машина остановилась ровно в трёх километрах от города, а общий километраж составил 9км.\n\nСколько рублей сдачи должен получить Петя с купюры номиналом в 1000 руб. ?",
    "noValidAnswerTotheRecord"  : false,
    "pictureForNoValidAnswer"   : "",
    "primaryScore"              : 1,
    "onlyOneCorrectAnswer"      : true,
    "divideTheAnswerForEachCharacter": false,
    "mandatorySequence" : false,
    "expectedAnswer"    : "Напр: 11",
    "answers": [
        "385"
    ],
    "addPictureInTop"           : false,
    "chooseAnswerFromPicker"    : false,
    "arrayExpectedAnswerForPicker": [],
    "actionDirection"             : "Введите цифрами",
    "arrURLImageForTask": []
}