{
    "taskName"          : "Задание 20",
    "taskDefinition"    : "",
    "mainText"          : "Два туриста хотят как можно быстрее одновременно добраться до станции, находящейся от них на расстоянии 60 км. У них имеется только один (одноместный!) мопед. Скорость передвижения каждого из них со­ставляет 5 км/ч пешком и 30 км/ч на мопеде. За какое наименьшее число часов они смогут добраться до станции?",
    "noValidAnswerTotheRecord"  : false,
    "pictureForNoValidAnswer"   : "",
    "primaryScore"              : 4,
    "onlyOneCorrectAnswer"      : true,
    "divideTheAnswerForEachCharacter": false,
    "mandatorySequence" : false,
    "expectedAnswer"    : "Напр: 1",
    "answers": [
        "7"
    ],
    "addPictureInTop"           : false,
    "chooseAnswerFromPicker"    : false,
    "arrayExpectedAnswerForPicker": [],
    "actionDirection"             : "Введите цифрами ",
    "arrURLImageForTask": []
}