{
    "taskName"          : "Задание 12",
    "taskDefinition"    : "Решите задачу",
    "mainText"          : "Планируется купить 150 кг краски у одного из трёх поставщиков. Цена и условия доставки приведены в таблице. Сколько рублей нужно запла­тить за самую дешёвую покупку с доставкой?",
    "noValidAnswerTotheRecord"  : false,
    "pictureForNoValidAnswer"   : "",
    "primaryScore"              : 1,
    "onlyOneCorrectAnswer"      : true,
    "divideTheAnswerForEachCharacter": false,
    "mandatorySequence" : false,
    "expectedAnswer"    : "Напр: 11",
    "answers": [
        "33000"
    ],
    "addPictureInTop"           : false,
    "chooseAnswerFromPicker"    : false,
    "arrayExpectedAnswerForPicker": [],
    "actionDirection"             : "Введите цифрами",
    "arrURLImageForTask": ["https://gitlab.com/thisismymail03/api.ege.Math.pictures/raw/master/Variant10/IMGEGE.Math.Variant10.Task12_Img1.png"]
}