{
    "variantName": "Варинат 12",
    "variantDescription": "Математика (БАЗА). ЕГЭ 2017",
    "executionTimeInSeconds": 12600,
    "maxPrimaryBall" : 32,
    "countTask": 20,
    "variantImages": [
        {
            "variantSmallImg": "",
            "variantMiddleImg": "",
            "variantBigImg": ""
        },
        {
            "variantSmallImg": "",
            "variantMiddleImg": "",
            "variantBigImg": ""
        }
    ],
    "tasks": [
         "https://gitlab.com/thisismymail03/api.ege.Math_app/raw/master/JSONVariants/Variant12/task1/ege.Math_Variant12_task1.json",
        "https://gitlab.com/thisismymail03/api.ege.Math_app/raw/master/JSONVariants/Variant12/task2/ege.Math_Variant12_task2.json",
        "https://gitlab.com/thisismymail03/api.ege.Math_app/raw/master/JSONVariants/Variant12/task3/ege.Math_Variant12_task3.json",
        "https://gitlab.com/thisismymail03/api.ege.Math_app/raw/master/JSONVariants/Variant12/task4/ege.Math_Variant12_task4.json",
        "https://gitlab.com/thisismymail03/api.ege.Math_app/raw/master/JSONVariants/Variant12/task5/ege.Math_Variant12_task5.json",
        "https://gitlab.com/thisismymail03/api.ege.Math_app/raw/master/JSONVariants/Variant12/task6/ege.Math_Variant12_task6.json",
        "https://gitlab.com/thisismymail03/api.ege.Math_app/raw/master/JSONVariants/Variant12/task7/ege.Math_Variant12_task7.json",
        "https://gitlab.com/thisismymail03/api.ege.Math_app/raw/master/JSONVariants/Variant12/task8/ege.Math_Variant12_task8.json",
        "https://gitlab.com/thisismymail03/api.ege.Math_app/raw/master/JSONVariants/Variant12/task9/ege.Math_Variant12_task9.json",
        "https://gitlab.com/thisismymail03/api.ege.Math_app/raw/master/JSONVariants/Variant12/task10/ege.Math_Variant12_task10.json",
        "https://gitlab.com/thisismymail03/api.ege.Math_app/raw/master/JSONVariants/Variant12/task11/ege.Math_Variant12_task11.json",
        "https://gitlab.com/thisismymail03/api.ege.Math_app/raw/master/JSONVariants/Variant12/task12/ege.Math_Variant12_task12.json",
        "https://gitlab.com/thisismymail03/api.ege.Math_app/raw/master/JSONVariants/Variant12/task13/ege.Math_Variant12_task13.json",
        "https://gitlab.com/thisismymail03/api.ege.Math_app/raw/master/JSONVariants/Variant12/task14/ege.Math_Variant12_task14.json",
        "https://gitlab.com/thisismymail03/api.ege.Math_app/raw/master/JSONVariants/Variant12/task15/ege.Math_Variant12_task15.json",
        "https://gitlab.com/thisismymail03/api.ege.Math_app/raw/master/JSONVariants/Variant12/task16/ege.Math_Variant12_task16.json",
        "https://gitlab.com/thisismymail03/api.ege.Math_app/raw/master/JSONVariants/Variant12/task17/ege.Math_Variant12_task17.json",
        "https://gitlab.com/thisismymail03/api.ege.Math_app/raw/master/JSONVariants/Variant12/task18/ege.Math_Variant12_task18.json",
        "https://gitlab.com/thisismymail03/api.ege.Math_app/raw/master/JSONVariants/Variant12/task19/ege.Math_Variant12_task19.json",
        "https://gitlab.com/thisismymail03/api.ege.Math_app/raw/master/JSONVariants/Variant12/task20/ege.Math_Variant12_task20.json"
    ]
}