{
    "taskName"          : "Задание 10",
    "taskDefinition"    : "Решите задачу",
    "mainText"          : "В слове «МАТЕМАТИКА» случайным образом зачеркнули девять букв. Найдите вероятность того, что незачёркнутой останется буква К.",
    "noValidAnswerTotheRecord"  : false,
    "pictureForNoValidAnswer"   : "",
    "primaryScore"              : 1,
    "onlyOneCorrectAnswer"      : true,
    "divideTheAnswerForEachCharacter": false,
    "mandatorySequence" : false,
    "expectedAnswer"    : "Напр: 901.04",
    "answers": [
        "0.1"
    ],
    "addPictureInTop"           : false,
    "chooseAnswerFromPicker"    : false,
    "arrayExpectedAnswerForPicker": [],
    "actionDirection"             : "Введите цифрами ",
    "arrURLImageForTask": []
}