{
    "taskName"          : "Задание 20",
    "taskDefinition"    : "Постройте математическую модель",
    "mainText"          : "Иван Петрович взял кредит на машину в размере  300 000 рублей с фиксированной ставкой 17 % (т. е. в начале следующего года на остаток по кредиту начисляется 17 %). За сколько месяцев Иван Петрович сможет выплатить кредит, если известно, что в месяц он может платить не более 7500 рублей?",
    "noValidAnswerTotheRecord"  : false,
    "pictureForNoValidAnswer"   : "",
    "primaryScore"              : 4,
    "onlyOneCorrectAnswer"      : true,
    "divideTheAnswerForEachCharacter": false,
    "mandatorySequence" : false,
    "expectedAnswer"    : "Напр: 1",
    "answers": [
        "51"
    ],
    "addPictureInTop"           : false,
    "chooseAnswerFromPicker"    : false,
    "arrayExpectedAnswerForPicker": [],
    "actionDirection"             : "Введите цифрами ",
    "arrURLImageForTask": []
}