{
    "taskName"          : "Задание 4",
    "taskDefinition"    : "Выполните вычисление и преобразование",
    "mainText"          : "Площадь поверхности прямоугольного параллелепипеда с рёбрами a,b и c вычисляется по формуле S = 2(ab+ac+bc). Найдите площадь поверхности прямоугольного параллелепипеда с рёбрами 3,5 и 7",
    "noValidAnswerTotheRecord"  : false,
    "pictureForNoValidAnswer"   : "",
    "primaryScore"              : 1,
    "onlyOneCorrectAnswer"      : true,
    "divideTheAnswerForEachCharacter": false,
    "mandatorySequence" : false,
    "expectedAnswer"    : "Напр: 63",
    "answers": [
        "142"
    ],
    "addPictureInTop"           : false,
    "chooseAnswerFromPicker"    : false,
    "arrayExpectedAnswerForPicker": [],
    "actionDirection"             : "Введите цифрами",
    "arrURLImageForTask": []
}