{
    "taskName"          : "Задание 12",
    "taskDefinition"    : "Решите задачу",
    "mainText"          : "Стоимость проезда в маршрутном такси составляет 14 рублей, а сто­имость проезда в автобусе — 9 рублей. Андрей каждый день ездит в ин­ститут и домой без пересадок на маршрутке. Сколько рублей за 30 дней он сэкономит, если будет вместо маршрутки возвращаться домой на автобу­се?",
    "noValidAnswerTotheRecord"  : false,
    "pictureForNoValidAnswer"   : "",
    "primaryScore"              : 1,
    "onlyOneCorrectAnswer"      : true,
    "divideTheAnswerForEachCharacter": false,
    "mandatorySequence" : false,
    "expectedAnswer"    : "Напр: 11",
    "answers": [
        "150"
    ],
    "addPictureInTop"           : false,
    "chooseAnswerFromPicker"    : false,
    "arrayExpectedAnswerForPicker": [],
    "actionDirection"             : "Введите цифрами",
    "arrURLImageForTask": []
}