{
    "taskName"          : "Задание 12",
    "taskDefinition"    : "Решите задачу",
    "mainText"          : "При строительстве сельского дома можно использовать один из двух типов фундамента: каменный или бетонный. Для каменного фундамента необходимо 8 тонн природного камня и 10 мешков цемента. Для бетон­ного фундамента необходимо 5 тонн щебня и 49 мешков цемента. Тонна камня стоит 1500 рублей, щебень стоит 670 рублей за тонну, а мешок це­мента стоит 220 рублей. Сколько тысяч рублей будет стоить материал для фундамента, если выбрать наиболее дешёвый вариант?",
    "noValidAnswerTotheRecord"  : false,
    "pictureForNoValidAnswer"   : "",
    "primaryScore"              : 1,
    "onlyOneCorrectAnswer"      : true,
    "divideTheAnswerForEachCharacter": false,
    "mandatorySequence" : false,
    "expectedAnswer"    : "Напр: 11",
    "answers": [
        "14"
    ],
    "addPictureInTop"           : false,
    "chooseAnswerFromPicker"    : false,
    "arrayExpectedAnswerForPicker": [],
    "actionDirection"             : "Введите цифрами",
    "arrURLImageForTask": []
}