{
    "taskName"          : "Задание 18",
    "taskDefinition"    : "Перед баскетбольным турниром измерили рост игроков баскетбольной команды города . Оказалось, что рост каждого из баскетболистов этой команды больше 180 см и меньше 195 см. Выберите утверждения, которые верны при указанных условиях. В ответе запишите номера выбранных утверждений без пробелов, запятых и других дополнительных символов.",
    "mainText"          : "1)В баскетбольной команде города N  обязательно есть игрок, рост которого равен 200 см.\n\n2)В баскетбольной команде города N  нет игроков с ростом 179 см.\n\n3) Рост любого баскетболиста этой команды меньше 195 см.\n\n4) Разница в росте любых двух игроков баскетбольной команды города N составляет более 15 см.\n\n",
    "noValidAnswerTotheRecord"  : false,
    "pictureForNoValidAnswer"   : "",
    "primaryScore"              : 4,
    "onlyOneCorrectAnswer"      : true,
    "divideTheAnswerForEachCharacter": false,
    "mandatorySequence" : false,
    "expectedAnswer"    : "Напр: 241",
    "answers": [
        "23"
    ],
    "addPictureInTop"           : false,
    "chooseAnswerFromPicker"    : false,
    "arrayExpectedAnswerForPicker": [],
    "actionDirection"             : "Введите цифрами",
    "arrURLImageForTask": []
}