{
    "taskName"          : "Задание 9",
    "taskDefinition"    : "Установите со­от­вет­ствие между ве­ли­чи­на­ми и их воз­мож­ны­ми значениями: к каж­до­му эле­мен­ту пер­во­го столб­ца под­бе­ри­те со­от­вет­ству­ю­щий эле­мент из вто­ро­го столбца.",
    "mainText"          : "Результаты запишите в одну строку в соответствие с алфавитом",
    "noValidAnswerTotheRecord"  : false,
    "pictureForNoValidAnswer"   : "",
    "primaryScore"              : 1,
    "onlyOneCorrectAnswer"      : true,
    "divideTheAnswerForEachCharacter": false,
    "mandatorySequence" : false,
    "expectedAnswer"    : "Напр: 10",
    "answers": [
        "2314"
    ],
    "addPictureInTop"           : false,
    "chooseAnswerFromPicker"    : false,
    "arrayExpectedAnswerForPicker": [],
    "actionDirection"             : "Введите цифрами",
    "arrURLImageForTask": ["https://gitlab.com/thisismymail03/api.ege.Math.pictures/raw/master/Variant14/IMGEGE.Math.Variant14.Task9_Img1.png"]
}