{
    "taskName"          : "Задание 12",
    "taskDefinition"    : "Решите задачу\n\nДля обслуживания кинофестиваля необходимо собрать группу переводчиков. Сведения о кандидатах представлены в таблице.",
    "mainText"          : "Пользуясь таблицей, соберите хотя бы одну группу, в которой переводчики вместе владеют четырьмя иностранными языками: английским, немецким, финским и корейским, а суммарная стоимость их услуг не превышает 11000 рублей в день. В ответе для собранной группы укажите номера переводчиков без пробелов, запятых и других дополнительных символов.",
    "noValidAnswerTotheRecord"  : false,
    "pictureForNoValidAnswer"   : "",
    "primaryScore"              : 1,
    "onlyOneCorrectAnswer"      : true,
    "divideTheAnswerForEachCharacter": false,
    "mandatorySequence" : false,
    "expectedAnswer"    : "Напр: 11",
    "answers": [
        "467"
    ],
    "addPictureInTop"           : false,
    "chooseAnswerFromPicker"    : false,
    "arrayExpectedAnswerForPicker": [],
    "actionDirection"             : "Введите цифрами",
    "arrURLImageForTask": ["https://gitlab.com/thisismymail03/api.ege.Math.pictures/raw/master/Variant6/IMGEGE.Math.Variant6.Task12_Img1.png"]
}