{
    "taskName"          : "Задание 8",
    "taskDefinition"    : "Постройте математическую модель",
    "mainText"          : "План школы разбит на клетки. Каждая клетка обозначает квадрат 5 м х 5 м. Найдите площадь первого этажа школы. Ответ дайте в квадратных метрах.",
    "noValidAnswerTotheRecord"  : false,
    "pictureForNoValidAnswer"   : "",
    "primaryScore"              : 1,
    "onlyOneCorrectAnswer"      : true,
    "divideTheAnswerForEachCharacter": false,
    "mandatorySequence" : false,
    "expectedAnswer"    : "Напр: 11000",
    "answers": [
        "3075"
    ],
    "addPictureInTop"           : false,
    "chooseAnswerFromPicker"    : false,
    "arrayExpectedAnswerForPicker": [],
    "actionDirection"             : "Введите цифрами без пробелов и иных знаков",
    "arrURLImageForTask": ["https://gitlab.com/thisismymail03/api.ege.Math.pictures/raw/master/Variant6/IMGEGE.Math.Variant6.Task8_Img1.png"]
}