{
    "taskName"          : "Задание 6",
    "taskDefinition"    : "Решите задачу",
    "mainText"          : "Рабочие прокладывают дорогу длиной 12,6 км. Ежедневно они укла­дывают 800 м дороги. Какое наименьшее количество дней необходимо рабочим для прокладывания всей дороги?",
    "noValidAnswerTotheRecord"  : false,
    "pictureForNoValidAnswer"   : "",
    "primaryScore"              : 1,
    "onlyOneCorrectAnswer"      : true,
    "divideTheAnswerForEachCharacter": false,
    "mandatorySequence" : false,
    "expectedAnswer"    : "Напр: 11",
    "answers": [
        "16"
    ],
    "addPictureInTop"           : false,
    "chooseAnswerFromPicker"    : false,
    "arrayExpectedAnswerForPicker": [],
    "actionDirection"             : "Введите цифрами",
    "arrURLImageForTask": []
}