{
    "taskName"          : "Задание 6",
    "taskDefinition"    : "Решите задачу",
    "mainText"          : "Килограмм моркови стоит 40 рублей. Олег купил 1кг 600г моркови. Сколько рублей сдачи он должен получить со 100 рублей?",
    "noValidAnswerTotheRecord"  : false,
    "pictureForNoValidAnswer"   : "",
    "primaryScore"              : 1,
    "onlyOneCorrectAnswer"      : true,
    "divideTheAnswerForEachCharacter": false,
    "mandatorySequence" : false,
    "expectedAnswer"    : "Напр: 11",
    "answers": [
        "36"
    ],
    "addPictureInTop"           : false,
    "chooseAnswerFromPicker"    : false,
    "arrayExpectedAnswerForPicker": [],
    "actionDirection"             : "Введите цифрами",
    "arrURLImageForTask": []
}