{
    "taskName"          : "Задание 11",
    "taskDefinition"    : "Решите задачу\n\nОпределите с помощью таблицы, сколько серебряных медалей у команды, занявшей второе место по числу золотых медалей.",
    "mainText"          : "В таблице показано распределение медалей на XXII Зимних Олимпийских играх в Сочи среди команд, занявших первые 10 мест по количеству золотых медалей.",
    "noValidAnswerTotheRecord"  : false,
    "pictureForNoValidAnswer"   : "",
    "primaryScore"              : 1,
    "onlyOneCorrectAnswer"      : true,
    "divideTheAnswerForEachCharacter": false,
    "mandatorySequence" : false,
    "expectedAnswer"    : "Напр: 521",
    "answers": [
        "5"
    ],
    "addPictureInTop"           : false,
    "chooseAnswerFromPicker"    : false,
    "arrayExpectedAnswerForPicker": [],
    "actionDirection"             : "Введите цифрами",
    "arrURLImageForTask": ["https://gitlab.com/thisismymail03/api.ege.Math.pictures/raw/master/Variant13/IMGEGE.Math.Variant13.Task11_Img1.png"]
}