{
    "taskName"          : "Задание 14",
    "taskDefinition"    : "Установите соотвествие",
    "mainText"          : "На рисунке изображён график функции у = f(x), к которому про­ведены касательные в четырёх рассматриваемых точках: -4, -3, -2, -1.",
    "noValidAnswerTotheRecord"  : false,
    "pictureForNoValidAnswer"   : "",
    "primaryScore"              : 2,
    "onlyOneCorrectAnswer"      : true,
    "divideTheAnswerForEachCharacter": false,
    "mandatorySequence" : false,
    "expectedAnswer"    : "Напр: 321",
    "answers": [
            "1423"
    ],
    "addPictureInTop"           : false,
    "chooseAnswerFromPicker"    : false,
    "arrayExpectedAnswerForPicker": [],
    "actionDirection"             : "Введите цифрами в состоянии с алфавитном порядке",
    "arrURLImageForTask": ["https://gitlab.com/thisismymail03/api.ege.Math.pictures/raw/master/Variant9/IMGEGE.Math.Variant9.Task14_Img1.png"]
}