{
    "taskName"          : "Задание 19",
    "taskDefinition"    : "Выполните вычисление и преобразование",
    "mainText"          : "Приведите пример трёхзначного числа, которое делится на 12, но не делится ни на 24, ни на 36, и при этом произведение всех цифр делится на 81.",
    "noValidAnswerTotheRecord"  : false,
    "pictureForNoValidAnswer"   : "",
    "primaryScore"              : 4,
    "onlyOneCorrectAnswer"      : true,
    "divideTheAnswerForEachCharacter": false,
    "mandatorySequence" : false,
    "expectedAnswer"    : "Напр: 1",
    "answers": [
        "996"
    ],
    "addPictureInTop"           : false,
    "chooseAnswerFromPicker"    : false,
    "arrayExpectedAnswerForPicker": [],
    "actionDirection"             : "Введите цифрами",
    "arrURLImageForTask": []
}