{
    "taskName"          : "Задание 15",
    "taskDefinition"    : "Решите геометрическую задачу",
    "mainText"          : "В треугольнике ABC ∠C = 90°, sin В = 15/17 АС = 30. Найдите АВ",
    "noValidAnswerTotheRecord"  : false,
    "pictureForNoValidAnswer"   : "",
    "primaryScore"              : 2,
    "onlyOneCorrectAnswer"      : true,
    "divideTheAnswerForEachCharacter": false,
    "mandatorySequence" : false,
    "expectedAnswer"    : "Напр: 76",
    "answers": [
        "34"
    ],
    "addPictureInTop"           : false,
    "chooseAnswerFromPicker"    : false,
    "arrayExpectedAnswerForPicker": [],
    "actionDirection"             : "Введите цифрами",
    "arrURLImageForTask": []
}