{
    "taskName"          : "Задание 18",
    "taskDefinition"    : "Двадцать выпускников одного из одиннадцатых классов сдавали ЕГЭ по русскому языку. Самый низкий балл, полученный в этом классе, был равен 28, а самый высокий — 83. Выберите утверждения, которые верны при указанных условиях.",
    "mainText"          : "1) Среди этих выпускников есть человек, который получил 83 балла по русскому языку.\n\n2) Среди этих выпускников есть двадцать человек с равными баллами по русскому языку.\n\n3) Среди этих выпускников есть человек, получивший 100 баллов по русскому языку.\n\n4) Баллы по русскому языку любого из этих двадцати человек не ниже 27.\n\nВ ответе запишите номера выбранных утверждений без пробелов, запятых и других дополнительных символов.\n\n",
    "noValidAnswerTotheRecord"  : false,
    "pictureForNoValidAnswer"   : "",
    "primaryScore"              : 4,
    "onlyOneCorrectAnswer"      : true,
    "divideTheAnswerForEachCharacter": false,
    "mandatorySequence" : false,
    "expectedAnswer"    : "Напр: 241",
    "answers": [
        "14"
    ],
    "addPictureInTop"           : false,
    "chooseAnswerFromPicker"    : false,
    "arrayExpectedAnswerForPicker": [],
    "actionDirection"             : "Введите цифрами",
    "arrURLImageForTask": []
}