{
    "taskName"          : "Задание 19",
    "taskDefinition"    : "Выполните вычисление и преобразование",
    "mainText"          : "Найдите трёхзначное число, которое при делении на 5 и 7  даёт равные ненулевые остатки, а вторая цифра этого числа равна сумме первой и третьей цифр.\n\nВ ответе укажите какое-нибудь одно такое число.",
    "noValidAnswerTotheRecord"  : false,
    "pictureForNoValidAnswer"   : "",
    "primaryScore"              : 4,
    "onlyOneCorrectAnswer"      : true,
    "divideTheAnswerForEachCharacter": false,
    "mandatorySequence" : false,
    "expectedAnswer"    : "Напр: 1",
    "answers": [
        "143"
    ],
    "addPictureInTop"           : false,
    "chooseAnswerFromPicker"    : false,
    "arrayExpectedAnswerForPicker": [],
    "actionDirection"             : "Введите цифрами",
    "arrURLImageForTask": []
}