{
    "taskName"          : "Задание 14",
    "taskDefinition"    : "Установите соотвествие\n\nПользуясь графиком, поставьте в соответствие каждому интервалу времени характеристику движения автобуса на этом интервале.  Запишите в ответ цифры, расположив их в порядке, соответствующем буквам: A Б В Г.",
    "mainText"          : "На графике изображена зависимость скорости движения рейсового автобуса от времени. На вертикальной оси отмечена скорость автобуса в км/ч, на горизонтальной — время в минутах, прошедшее с начала движения автобуса.",
    "noValidAnswerTotheRecord"  : false,
    "pictureForNoValidAnswer"   : "",
    "primaryScore"              : 2,
    "onlyOneCorrectAnswer"      : true,
    "divideTheAnswerForEachCharacter": false,
    "mandatorySequence" : false,
    "expectedAnswer"    : "Напр: 321",
    "answers": [
            "4213"
    ],
    "addPictureInTop"           : false,
    "chooseAnswerFromPicker"    : false,
    "arrayExpectedAnswerForPicker": [],
    "actionDirection"             : "Введите цифрами в состоянии с алфавитном порядке",
    "arrURLImageForTask": ["https://gitlab.com/thisismymail03/api.ege.Math.pictures/raw/master/Variant11/IMGEGE.Math.Variant11.Task14_Img1.png",
                          "https://gitlab.com/thisismymail03/api.ege.Math.pictures/raw/master/Variant11/IMGEGE.Math.Variant11.Task14_Img2.png"]
}