{
    "taskName"          : "Задание 13",
    "taskDefinition"    : "Решите геометрическую задачу",
    "mainText"          : "В цилиндрическом сосуде уровень жидкости достигает 45 см. На какой высоте будет находиться уровень жидкости, если её перелить во второй цилиндрический сосуд, диаметр которого в 3 раза меньше диаметра первого? Ответ выразите в сантиметрах.",
    "noValidAnswerTotheRecord"  : false,
    "pictureForNoValidAnswer"   : "",
    "primaryScore"              : 2,
    "onlyOneCorrectAnswer"      : true,
    "divideTheAnswerForEachCharacter": false,
    "mandatorySequence" : false,
    "expectedAnswer"    : "Напр: 91",
    "answers": [
        "405"
    ],
    "addPictureInTop"           : false,
    "chooseAnswerFromPicker"    : false,
    "arrayExpectedAnswerForPicker": [],
    "actionDirection"             : "Введите цифрами",
    "arrURLImageForTask": ["https://gitlab.com/thisismymail03/api.ege.Math.pictures/raw/master/Variant10/IMGEGE.Math.Variant10.Task13_Img1.png"]
}