{
    "taskName"          : "Задание 18",
    "taskDefinition"    : "В ответе запишите номера выбранных утверждений без пробелов, запятых и других дополнительных символов.",
    "mainText"          : "Витя выше Коли, но ниже Маши. Аня не выше Вити. Выберите утверждения, которые верны при указанных условиях. \n\n1) Маша самая высокая изуказанных четырёх человек. \n\n2) Аня и Маша одного роста.\n\n3) Витяи Коля одного роста.\n\n4) Коля ниже Маши.\n\n",
    "noValidAnswerTotheRecord"  : false,
    "pictureForNoValidAnswer"   : "",
    "primaryScore"              : 4,
    "onlyOneCorrectAnswer"      : true,
    "divideTheAnswerForEachCharacter": false,
    "mandatorySequence" : false,
    "expectedAnswer"    : "Напр: 241",
    "answers": [
        "14",
        "41"
    ],
    "addPictureInTop"           : false,
    "chooseAnswerFromPicker"    : false,
    "arrayExpectedAnswerForPicker": [],
    "actionDirection"             : "Введите цифрами",
    "arrURLImageForTask": []
}