{
    "taskName"          : "Задание 18",
    "taskDefinition"    : "1.Если кабинет N24 не занят, значит Марат Тагирович не проводит урок.\n\n2.Если Марат Тагирович не проводит урок, то кабинет N24 пуст.\n\n3.Уроки геометрии Марат Тагирович проводит не в кабинете N24.\n\n4.Если Марат Тагирович проводит урок, то кабинет N24 занят.\n\n",
    "mainText"          : "",
    "noValidAnswerTotheRecord"  : false,
    "pictureForNoValidAnswer"   : "",
    "primaryScore"              : 4,
    "onlyOneCorrectAnswer"      : true,
    "divideTheAnswerForEachCharacter": false,
    "mandatorySequence" : false,
    "expectedAnswer"    : "Напр: 241",
    "answers": [
        "14"
    ],
    "addPictureInTop"           : false,
    "chooseAnswerFromPicker"    : false,
    "arrayExpectedAnswerForPicker": [],
    "actionDirection"             : "Введите цифрами",
    "arrURLImageForTask": []
}