{
    "taskName"          : "Задание 14",
    "taskDefinition"    : "Установите соотвествие ",
    "mainText"          : "На графике изображены данные измерений температуры воздуха на различной высоте над землей. На горизонтальной оси отмечена высота (в км); на вертикальной оси — температура воздуха в градусах Цельсия.",
    "noValidAnswerTotheRecord"  : false,
    "pictureForNoValidAnswer"   : "",
    "primaryScore"              : 2,
    "onlyOneCorrectAnswer"      : true,
    "divideTheAnswerForEachCharacter": false,
    "mandatorySequence" : false,
    "expectedAnswer"    : "Напр: 321",
    "answers": [
            "4312"
    ],
    "addPictureInTop"           : false,
    "chooseAnswerFromPicker"    : false,
    "arrayExpectedAnswerForPicker": [],
    "actionDirection"             : "Введите цифрами в состоянии с алфавитном порядке",
    "arrURLImageForTask": ["https://gitlab.com/thisismymail03/api.ege.Math.pictures/raw/master/Variant5/IMGEGE.Math.Variant5.Task14_Img1.png"]
}