{
    "taskName"          : "Задание 12",
    "taskDefinition"    : "Решите задачу\n\nВ таблице указаны цены (в рублях) на некоторые канцелярские товары в трёх магазинах города.",
    "mainText"          : "Определите, в каком из этих магазинов окажется самым дешевым следующий набор канцелярских товаров: две гелевые ручки, пять простых карандашей, один набор цветных карандашей, 1010 тетрадей в клетку. В ответ запишите стоимость данного набора канцелярских товаров в этом магазине (в рублях).",
    "noValidAnswerTotheRecord"  : false,
    "pictureForNoValidAnswer"   : "",
    "primaryScore"              : 1,
    "onlyOneCorrectAnswer"      : true,
    "divideTheAnswerForEachCharacter": false,
    "mandatorySequence" : false,
    "expectedAnswer"    : "Напр: 11",
    "answers": [
        "154"
    ],
    "addPictureInTop"           : false,
    "chooseAnswerFromPicker"    : false,
    "arrayExpectedAnswerForPicker": [],
    "actionDirection"             : "Введите цифрами",
    "arrURLImageForTask": ["https://gitlab.com/thisismymail03/api.ege.Math.pictures/raw/master/Variant3/IMGEGE.Math.Variant3.Task12_Img1.png"]
}