{
    "taskName"          : "Задание 18",
    "taskDefinition"    : "В классе большая часть девочек решили сдавать химию в качестве экзамена по выбору, а большая часть мальчиков выбрали экзамен по физике. Оба этих экзамена не выбрал никто. Всего экзамен по физике решили сдавать больше человек, чем экзамен по химии. Выберите утверждение(-я), ко­торое(-ые) следует(-ют) из приведённых данных.",
    "mainText"          : "1. Мальчиков в этом классе больше, чем девочек.\n\n2. Мальчиков, сдающих химию, меньше, чем девочек, сдающих химию.\n\n3. Мальчиков, сдающих физику, больше, чем девочек, сдающих химию.\n\n4. Девочек, сдающих физику, меньше, чем девочек, сдающих химию.\n\nВ ответе укажите номер выбранного утверждения.\n\n",
    "noValidAnswerTotheRecord"  : false,
    "pictureForNoValidAnswer"   : "",
    "primaryScore"              : 4,
    "onlyOneCorrectAnswer"      : true,
    "divideTheAnswerForEachCharacter": false,
    "mandatorySequence" : false,
    "expectedAnswer"    : "Напр: 241",
    "answers": [
        "4"
    ],
    "addPictureInTop"           : false,
    "chooseAnswerFromPicker"    : false,
    "arrayExpectedAnswerForPicker": [],
    "actionDirection"             : "Введите цифрами",
    "arrURLImageForTask": []
}