{
    "taskName"          : "Задание 10",
    "taskDefinition"    : "Решите задачу",
    "mainText"          : "На электронной книжной полке выставлена прочитанная семиклассником Вовочкой художественная литература: 3 тома произведений А. С. Пушкина, 5 томов А. П. Чехова и 7 книг современной поэзии. Какова вероятность того, что наугад выбранная книга будет томом А. С. Пушкина?",
    "noValidAnswerTotheRecord"  : false,
    "pictureForNoValidAnswer"   : "",
    "primaryScore"              : 1,
    "onlyOneCorrectAnswer"      : true,
    "divideTheAnswerForEachCharacter": false,
    "mandatorySequence" : false,
    "expectedAnswer"    : "Напр: 901.04",
    "answers": [
        "0.2"
    ],
    "addPictureInTop"           : false,
    "chooseAnswerFromPicker"    : false,
    "arrayExpectedAnswerForPicker": [],
    "actionDirection"             : "Введите цифрами ",
    "arrURLImageForTask": []
}