{
    "taskName"          : "Задание 12",
    "taskDefinition"    : "Решите задачу",
    "mainText"          : "Школе требуется закупить канцелярские товары: 100 шариковых ручек, 70простых карандашей, 50 маркеров для досок. В таблице представлены цены на данные товары из трёх магазинов. Нужно выбрать магазин, в котором заказ будет стоить дешевле всего. В ответе укажите, сколько рублей будет стоить этот заказ.",
    "noValidAnswerTotheRecord"  : false,
    "pictureForNoValidAnswer"   : "",
    "primaryScore"              : 1,
    "onlyOneCorrectAnswer"      : true,
    "divideTheAnswerForEachCharacter": false,
    "mandatorySequence" : false,
    "expectedAnswer"    : "Напр: 11",
    "answers": [
        "3810"
    ],
    "addPictureInTop"           : false,
    "chooseAnswerFromPicker"    : false,
    "arrayExpectedAnswerForPicker": [],
    "actionDirection"             : "Введите цифрами",
    "arrURLImageForTask": ["https://gitlab.com/thisismymail03/api.ege.Math.pictures/raw/master/Variant5/IMGEGE.Math.Variant5.Task12_Img1.png"]
}