{
    "taskName"          : "Задание 11",
    "taskDefinition"    : "Решите задачу",
    "mainText"          : "На графике показано изменение температуры воздуха на протяжении трёх суток, начиная с 0:00 часов 18 августа. На оси абсцисс отмечается время суток, на оси ординат — значение температуры в градусах Цельсия. Определите по графику наибольшую температуру 19 августа. Ответ дайте в градусах Цельсия.",
    "noValidAnswerTotheRecord"  : false,
    "pictureForNoValidAnswer"   : "",
    "primaryScore"              : 1,
    "onlyOneCorrectAnswer"      : true,
    "divideTheAnswerForEachCharacter": false,
    "mandatorySequence" : false,
    "expectedAnswer"    : "Напр: 521",
    "answers": [
        "19"
    ],
    "addPictureInTop"           : false,
    "chooseAnswerFromPicker"    : false,
    "arrayExpectedAnswerForPicker": [],
    "actionDirection"             : "Введите цифрами",
    "arrURLImageForTask": ["https://gitlab.com/thisismymail03/api.ege.Math.pictures/raw/master/Variant7/IMGEGE.Math.Variant7.Task11_Img1.png"]
}