{
    "taskName"          : "Задание 18",
    "taskDefinition"    : "В фирме во время обеденного перерыва никто не отвечает на телефонные звонки. Выберите утверждения, которые следуют из данного условия.",
    "mainText"          : "1.Если позвонить в фирму во время обеденного перерыва, никто не возьмёт трубку.\n2.Никому из фирмы не дозвониться во время обеденного перерыва.\n3.Если не получается дозвониться в фирму, то у них обеденный перерыв.\n4.Если удалось дозвониться в фирму, то у фирмы в это время не обеденный перерыв.\n",
    "noValidAnswerTotheRecord"  : false,
    "pictureForNoValidAnswer"   : "",
    "primaryScore"              : 4,
    "onlyOneCorrectAnswer"      : true,
    "divideTheAnswerForEachCharacter": false,
    "mandatorySequence" : false,
    "expectedAnswer"    : "Напр: 241",
    "answers": [
        "14"
    ],
    "addPictureInTop"           : false,
    "chooseAnswerFromPicker"    : false,
    "arrayExpectedAnswerForPicker": [],
    "actionDirection"             : "Введите цифрами",
    "arrURLImageForTask": []
}