{
    "variantName": "Варинат 8",
    "variantDescription": "Математика (БАЗА). ЕГЭ 2017",
    "executionTimeInSeconds": 12600,
    "maxPrimaryBall" : 32,
    "countTask": 20,
    "variantImages": [
        {
            "variantSmallImg": "",
            "variantMiddleImg": "",
            "variantBigImg": ""
        },
        {
            "variantSmallImg": "",
            "variantMiddleImg": "",
            "variantBigImg": ""
        }
    ],
    "tasks": [
        "https://gitlab.com/thisismymail03/api.ege.Math_app/raw/master/JSONVariants/Variant8/task1/ege.Math_Variant8_task1.json",
        "https://gitlab.com/thisismymail03/api.ege.Math_app/raw/master/JSONVariants/Variant8/task2/ege.Math_Variant8_task2.json",
        "https://gitlab.com/thisismymail03/api.ege.Math_app/raw/master/JSONVariants/Variant8/task3/ege.Math_Variant8_task3.json",
        "https://gitlab.com/thisismymail03/api.ege.Math_app/raw/master/JSONVariants/Variant8/task4/ege.Math_Variant8_task4.json",
        "https://gitlab.com/thisismymail03/api.ege.Math_app/raw/master/JSONVariants/Variant8/task5/ege.Math_Variant8_task5.json",
        "https://gitlab.com/thisismymail03/api.ege.Math_app/raw/master/JSONVariants/Variant8/task6/ege.Math_Variant8_task6.json",
        "https://gitlab.com/thisismymail03/api.ege.Math_app/raw/master/JSONVariants/Variant8/task7/ege.Math_Variant8_task7.json",
        "https://gitlab.com/thisismymail03/api.ege.Math_app/raw/master/JSONVariants/Variant8/task8/ege.Math_Variant8_task8.json",
        "https://gitlab.com/thisismymail03/api.ege.Math_app/raw/master/JSONVariants/Variant8/task9/ege.Math_Variant8_task9.json",
        "https://gitlab.com/thisismymail03/api.ege.Math_app/raw/master/JSONVariants/Variant8/task10/ege.Math_Variant8_task10.json",
        "https://gitlab.com/thisismymail03/api.ege.Math_app/raw/master/JSONVariants/Variant8/task11/ege.Math_Variant8_task11.json",
        "https://gitlab.com/thisismymail03/api.ege.Math_app/raw/master/JSONVariants/Variant8/task12/ege.Math_Variant8_task12.json",
        "https://gitlab.com/thisismymail03/api.ege.Math_app/raw/master/JSONVariants/Variant8/task13/ege.Math_Variant8_task13.json",
        "https://gitlab.com/thisismymail03/api.ege.Math_app/raw/master/JSONVariants/Variant8/task14/ege.Math_Variant8_task14.json",
        "https://gitlab.com/thisismymail03/api.ege.Math_app/raw/master/JSONVariants/Variant8/task15/ege.Math_Variant8_task15.json",
        "https://gitlab.com/thisismymail03/api.ege.Math_app/raw/master/JSONVariants/Variant8/task16/ege.Math_Variant8_task16.json",
        "https://gitlab.com/thisismymail03/api.ege.Math_app/raw/master/JSONVariants/Variant8/task17/ege.Math_Variant8_task17.json",
        "https://gitlab.com/thisismymail03/api.ege.Math_app/raw/master/JSONVariants/Variant8/task18/ege.Math_Variant8_task18.json",
        "https://gitlab.com/thisismymail03/api.ege.Math_app/raw/master/JSONVariants/Variant8/task19/ege.Math_Variant8_task19.json",
        "https://gitlab.com/thisismymail03/api.ege.Math_app/raw/master/JSONVariants/Variant8/task20/ege.Math_Variant8_task20.json"
    ]
}