{
    "taskName"          : "Задание 14",
    "taskDefinition"    : "Установите соотвествие",
    "mainText"          : "На рисунке изображён график производной f'(x) функции у = ƒ (х). Установите соответствие между характеристиками функции у = f (x) и числами.",
    "noValidAnswerTotheRecord"  : false,
    "pictureForNoValidAnswer"   : "",
    "primaryScore"              : 2,
    "onlyOneCorrectAnswer"      : true,
    "divideTheAnswerForEachCharacter": false,
    "mandatorySequence" : false,
    "expectedAnswer"    : "Напр: 321",
    "answers": [
            "2134"
    ],
    "addPictureInTop"           : false,
    "chooseAnswerFromPicker"    : false,
    "arrayExpectedAnswerForPicker": [],
    "actionDirection"             : "Введите цифрами в состоянии с алфавитном порядке",
    "arrURLImageForTask": ["https://gitlab.com/thisismymail03/api.ege.Math.pictures/raw/master/Variant10/IMGEGE.Math.Variant10.Task14_Img1.png"]
}