{
    "taskName"          : "Задание 10",
    "taskDefinition"    : "Решите задачу",
    "mainText"          : "В канцелярском магазине продаются папки для бумаг четырёх цветов. Всего в наличии 36 папок, 10 из них — синие, 13 — красные, 4 — зелёные, а остальные — бордовые. Найдите вероятность того, что выбранная случайным образом папка окажется бордовой.",
    "noValidAnswerTotheRecord"  : false,
    "pictureForNoValidAnswer"   : "",
    "primaryScore"              : 1,
    "onlyOneCorrectAnswer"      : true,
    "divideTheAnswerForEachCharacter": false,
    "mandatorySequence" : false,
    "expectedAnswer"    : "Напр: 1.04",
    "answers": [
        "0.25"
    ],
    "addPictureInTop"           : false,
    "chooseAnswerFromPicker"    : false,
    "arrayExpectedAnswerForPicker": [],
    "actionDirection"             : "Введите цифрами ",
    "arrURLImageForTask": []
}