{
    "taskName"          : "Задание 3",
    "taskDefinition"    : "Решите задачу.",
    "mainText"          : "В языковой школе есть курсы английского, французского и немецкого языков. На курсы по французскому языку ходит восемь мужчин, они составляют 40% всех обучающихся мужского пола в данной школе. Женщин на курсах в полтора раза больше чем мужчин.\n\nСколько всего людей посещает курсы в языковой школе?",
    "noValidAnswerTotheRecord"  : false,
    "pictureForNoValidAnswer"   : "",
    "primaryScore"              : 1,
    "onlyOneCorrectAnswer"      : true,
    "divideTheAnswerForEachCharacter": false,
    "mandatorySequence" : false,
    "expectedAnswer"    : "Напр: 1.5",
    "answers": [
        "50"
    ],
    "addPictureInTop"           : false,
    "chooseAnswerFromPicker"    : false,
    "arrayExpectedAnswerForPicker": [],
    "actionDirection"             : "Введите цифрами",
    "arrURLImageForTask": []
}