{
    "taskName"          : "Задание 17",
    "taskDefinition"    : "Установите соотвествие ",
    "mainText"          : "",
    "noValidAnswerTotheRecord"  : false,
    "pictureForNoValidAnswer"   : "",
    "primaryScore"              : 3,
    "onlyOneCorrectAnswer"      : true,
    "divideTheAnswerForEachCharacter": false,
    "mandatorySequence" : false,
    "expectedAnswer"    : "Напр: 241",
    "answers": [
        "4213"
    ],
    "addPictureInTop"           : false,
    "chooseAnswerFromPicker"    : false,
    "arrayExpectedAnswerForPicker": [],
    "actionDirection"             : "Введите цифрами в соотвествии с алфавитом порядке",
    "arrURLImageForTask": ["https://gitlab.com/thisismymail03/api.ege.Math.pictures/raw/master/Variant3/IMGEGE.Math.Variant3.Task17_Img1.png"]
}