{
    "taskName"          : "Задание 15",
    "taskDefinition"    : "Решите геометрическую задачу",
    "mainText"          : "В прямоугольном треугольнике один из катетов равен 6, гипотену­за — 10. Найдите косинус острого угла, прилежащему к из­вестному катету.",
    "noValidAnswerTotheRecord"  : false,
    "pictureForNoValidAnswer"   : "",
    "primaryScore"              : 2,
    "onlyOneCorrectAnswer"      : true,
    "divideTheAnswerForEachCharacter": false,
    "mandatorySequence" : false,
    "expectedAnswer"    : "Напр: 76",
    "answers": [
        "0.6"
    ],
    "addPictureInTop"           : false,
    "chooseAnswerFromPicker"    : false,
    "arrayExpectedAnswerForPicker": [],
    "actionDirection"             : "Введите цифрами",
    "arrURLImageForTask": ["https://gitlab.com/thisismymail03/api.ege.Math.pictures/raw/master/Variant7/IMGEGE.Math.Variant7.Task15_Img1.png"]
}