{
    "taskName"          : "Задание 18",
    "taskDefinition"    : "В буфете на выбор есть порции сока: вишнёвый, клубничный и абрикосовый. Также есть пирожки с вишней, клубникой и абрикосом. Другой еды в столовой нет. Известно, что порций клубничного сока больше, чем порций любого другого, а пирожков с абрикосом больше, чем пирожков любого другого вида. Продуктов с вишней больше, чем продуктов с абрикосом и больше, чем продуктов с клубникой. Выберите утверждения, которые следуют из приведённых данных.",
    "mainText"          : "1. Пирожков с абрикосом меньше, чем пирожков с вишней и порций вишнёвого сока в сумме.\n\n2. Порций абрикосового сока меньше, чем порций клубничного.\n\n3. Пирожков с вишней больше, чем порций вишнёвого сока.\n\n4. Пирожков с вишней и абрикосом в сумме меньше, чем пирожков с клубникой.\n\n",
    "noValidAnswerTotheRecord"  : false,
    "pictureForNoValidAnswer"   : "",
    "primaryScore"              : 4,
    "onlyOneCorrectAnswer"      : true,
    "divideTheAnswerForEachCharacter": false,
    "mandatorySequence" : false,
    "expectedAnswer"    : "Напр: 241",
    "answers": [
        "12"
    ],
    "addPictureInTop"           : false,
    "chooseAnswerFromPicker"    : false,
    "arrayExpectedAnswerForPicker": [],
    "actionDirection"             : "Введите цифрами",
    "arrURLImageForTask": []
}