{
    "taskName"          : "Задание 16",
    "taskDefinition"    : "Решите геометрическую задачу",
    "mainText"          : "Найдите объем пра­виль­ной че­ты­рех­уголь­ной пирамиды, сто­ро­на ос­но­ва­ния ко­то­рой равна 4, а бо­ко­вое ребро равно корень из 17.",
    "noValidAnswerTotheRecord"  : false,
    "pictureForNoValidAnswer"   : "",
    "primaryScore"              : 3,
    "onlyOneCorrectAnswer"      : true,
    "divideTheAnswerForEachCharacter": false,
    "mandatorySequence" : false,
    "expectedAnswer"    : "Напр: 841",
    "answers": [
        "16"
    ],
    "addPictureInTop"           : false,
    "chooseAnswerFromPicker"    : false,
    "arrayExpectedAnswerForPicker": [],
    "actionDirection"             : "Введите цифрами ",
    "arrURLImageForTask": ["https://gitlab.com/thisismymail03/api.ege.Math.pictures/raw/master/Variant15/MGEGE.Math.Variant15.Task16_Img1.png"]
}