{
    "taskName"          : "Задание 14",
    "taskDefinition"    : "Установите соотвествие ",
    "mainText"          : "На графике показано изменение средней стоимости (руб.) хлеба в одном из наблюдаемых городов с января по декабрь 2017 года. Для наглядности точки соединены линиями. ",
    "noValidAnswerTotheRecord"  : false,
    "pictureForNoValidAnswer"   : "",
    "primaryScore"              : 2,
    "onlyOneCorrectAnswer"      : true,
    "divideTheAnswerForEachCharacter": false,
    "mandatorySequence" : false,
    "expectedAnswer"    : "Напр: 321",
    "answers": [
            "3124"
    ],
    "addPictureInTop"           : false,
    "chooseAnswerFromPicker"    : false,
    "arrayExpectedAnswerForPicker": [],
    "actionDirection"             : "Введите цифрами в состоянии с алфавитном порядке",
    "arrURLImageForTask": ["https://gitlab.com/thisismymail03/api.ege.Math.pictures/raw/master/Variant3/IMGEGE.Math.Variant3.Task14_Img1.png"]
}