{
    "taskName"          : "Задание 11",
    "taskDefinition"    : "Решите задачу",
    "mainText"          : "На диаграмме жирными точками показана цена олова на момент закрытия биржевых торгов во все рабочие дни с 6 по 20 мая 2009 года. По горизонтали указываются числа месяца, по вертикали — цена олова в долларах США за тонну. Для наглядности жирные точки соединены линиями. Определите наименьшую цену олова на момент закрытия торгов в период с 7 по 15 мая. Ответ дайте в долларах США за тонну.",
    "noValidAnswerTotheRecord"  : false,
    "pictureForNoValidAnswer"   : "",
    "primaryScore"              : 1,
    "onlyOneCorrectAnswer"      : true,
    "divideTheAnswerForEachCharacter": false,
    "mandatorySequence" : false,
    "expectedAnswer"    : "Напр: 521",
    "answers": [
        "12200"
    ],
    "addPictureInTop"           : false,
    "chooseAnswerFromPicker"    : false,
    "arrayExpectedAnswerForPicker": [],
    "actionDirection"             : "Введите цифрами",
    "arrURLImageForTask": ["https://gitlab.com/thisismymail03/api.ege.Math.pictures/raw/master/Variant14/IMGEGE.Math.Variant14.Task11_Img1.png"]
}