{
    "taskName"          : "Задание 19",
    "taskDefinition"    : "Выполните вычисление и преобразование",
    "mainText"          : "Для любого натурального числа n обозначим n! = 1 • 2 • ... • n. При каком наименьшем n число n! делится на 32?",
    "noValidAnswerTotheRecord"  : false,
    "pictureForNoValidAnswer"   : "",
    "primaryScore"              : 4,
    "onlyOneCorrectAnswer"      : true,
    "divideTheAnswerForEachCharacter": false,
    "mandatorySequence" : false,
    "expectedAnswer"    : "Напр: 1",
    "answers": [
        "8"
    ],
    "addPictureInTop"           : false,
    "chooseAnswerFromPicker"    : false,
    "arrayExpectedAnswerForPicker": [],
    "actionDirection"             : "Введите цифрами",
    "arrURLImageForTask": []
}