{
    "taskName"          : "Задание 1",
    "taskDefinition"    : "Выполните вычисление и преобразование",
    "mainText"          : "\n(2,8−0,2)⋅2,5",
    "noValidAnswerTotheRecord"  : false,
    "pictureForNoValidAnswer"   : "",
    "primaryScore"              : 1,
    "onlyOneCorrectAnswer"      : true,
    "divideTheAnswerForEachCharacter": false,
    "mandatorySequence" : false,
    "expectedAnswer"    : "Напр: 49.1",
    "answers": [
        "6.5"
    ],
    "addPictureInTop"           : false,
    "chooseAnswerFromPicker"    : false,
    "arrayExpectedAnswerForPicker": [],
    "actionDirection"             : "Введите цифрами без пробелов",
    "arrURLImageForTask": []
}